time_stamp,predicted_ans
2018-03-16 20:00:00,15.582473650020376
2018-03-16 21:00:00,15.582473650020376
2018-03-16 22:00:00,15.582473650020376
2018-03-16 23:00:00,15.582473650020376
2018-03-17 00:00:00,15.582473650020376
2018-03-17 01:00:00,15.582473650020376
2018-03-17 02:00:00,15.582473650020376
2018-03-17 03:00:00,15.582473650020376
2018-03-17 04:00:00,15.582473650020376
2018-03-17 05:00:00,15.582473650020376
2018-03-17 06:00:00,15.582473650020376
2018-03-17 07:00:00,15.582473650020376
2018-03-17 08:00:00,15.582473650020376
2018-03-17 09:00:00,15.582473650020376
2018-03-17 10:00:00,15.582473650020376
2018-03-17 11:00:00,15.582473650020376
2018-03-17 12:00:00,15.582473650020376
2018-03-17 13:00:00,15.582473650020376
2018-03-17 14:00:00,15.582473650020376
2018-03-17 15:00:00,15.582473650020376
2018-03-17 16:00:00,15.582473650020376
2018-03-17 17:00:00,15.582473650020376
2018-03-17 18:00:00,15.582473650020376
2018-03-17 19:00:00,15.582473650020376
2018-03-17 20:00:00,15.582473650020376
2018-03-17 21:00:00,15.582473650020376
2018-03-17 22:00:00,15.582473650020376
2018-03-17 23:00:00,15.582473650020376
2018-03-18 00:00:00,15.582473650020376
2018-03-18 01:00:00,15.582473650020376
2018-03-18 02:00:00,15.582473650020376
2018-03-18 03:00:00,15.582473650020376
2018-03-18 04:00:00,15.582473650020376
2018-03-18 05:00:00,15.582473650020376
2018-03-18 06:00:00,15.582473650020376
2018-03-18 07:00:00,15.582473650020376
2018-03-18 08:00:00,15.582473650020376
2018-03-18 09:00:00,15.582473650020376
2018-03-18 10:00:00,15.582473650020376
2018-03-18 11:00:00,15.582473650020376
2018-03-18 12:00:00,15.582473650020376
2018-03-18 13:00:00,15.582473650020376
2018-03-18 14:00:00,15.582473650020376
2018-03-18 15:00:00,15.582473650020376
2018-03-18 16:00:00,15.582473650020376
2018-03-18 17:00:00,15.582473650020376
2018-03-18 18:00:00,15.582473650020376
2018-03-18 19:00:00,15.582473650020376
2018-03-18 20:00:00,15.582473650020376
2018-03-18 21:00:00,15.582473650020376
2018-03-18 22:00:00,15.582473650020376
2018-03-18 23:00:00,15.582473650020376
2018-03-19 00:00:00,15.582473650020376
2018-03-19 01:00:00,15.582473650020376
2018-03-19 02:00:00,15.582473650020376
2018-03-19 03:00:00,15.582473650020376
2018-03-19 04:00:00,15.582473650020376
2018-03-19 05:00:00,15.582473650020376
2018-03-19 06:00:00,15.582473650020376
2018-03-19 07:00:00,15.582473650020376
2018-03-19 08:00:00,15.582473650020376
2018-03-19 09:00:00,15.582473650020376
2018-03-19 10:00:00,15.582473650020376
2018-03-19 11:00:00,15.582473650020376
2018-03-19 12:00:00,15.582473650020376
2018-03-19 13:00:00,15.582473650020376
2018-03-19 14:00:00,15.582473650020376
2018-03-19 15:00:00,15.582473650020376
2018-03-19 16:00:00,15.582473650020376
2018-03-19 17:00:00,15.582473650020376
2018-03-19 18:00:00,15.582473650020376
2018-03-19 19:00:00,15.582473650020376
2018-03-19 20:00:00,15.582473650020376
2018-03-19 21:00:00,15.582473650020376
2018-03-19 22:00:00,15.582473650020376
2018-03-19 23:00:00,15.582473650020376
2018-03-20 00:00:00,15.582473650020376
2018-03-20 01:00:00,15.582473650020376
2018-03-20 02:00:00,15.582473650020376
2018-03-20 03:00:00,15.582473650020376
2018-03-20 04:00:00,15.582473650020376
2018-03-20 05:00:00,15.582473650020376
2018-03-20 06:00:00,15.582473650020376
2018-03-20 07:00:00,15.582473650020376
2018-03-20 08:00:00,15.582473650020376
2018-03-20 09:00:00,15.582473650020376
2018-03-20 10:00:00,15.582473650020376
2018-03-20 11:00:00,15.582473650020376
2018-03-20 12:00:00,15.582473650020376
2018-03-20 13:00:00,15.582473650020376
2018-03-20 14:00:00,15.582473650020376
2018-03-20 15:00:00,15.582473650020376
2018-03-20 16:00:00,15.582473650020376
2018-03-20 17:00:00,15.582473650020376
2018-03-20 18:00:00,15.582473650020376
2018-03-20 19:00:00,15.582473650020376
2018-03-20 20:00:00,13.388893127441406
2018-03-20 21:00:00,13.09372615814209
2018-03-20 22:00:00,12.778885841369629
2018-03-20 23:00:00,12.491170883178711
2018-03-21 00:00:00,12.180146217346191
2018-03-21 01:00:00,11.85741901397705
2018-03-21 02:00:00,11.535507202148438
2018-03-21 03:00:00,11.234895706176758
2018-03-21 04:00:00,11.006495475769043
2018-03-21 05:00:00,10.842226028442383
2018-03-21 06:00:00,10.885061264038086
2018-03-21 07:00:00,11.056855201721191
2018-03-21 08:00:00,11.346722602844238
2018-03-21 09:00:00,11.812633514404297
2018-03-21 10:00:00,12.295059204101562
2018-03-21 11:00:00,12.839558601379395
2018-03-21 12:00:00,13.397595405578613
2018-03-21 13:00:00,13.847906112670898
2018-03-21 14:00:00,14.162013053894043
2018-03-21 15:00:00,14.412665367126465
2018-03-21 16:00:00,14.466197967529297
2018-03-21 17:00:00,14.407384872436523
2018-03-21 18:00:00,14.184371948242188
2018-03-21 19:00:00,13.942728042602539
2018-03-21 20:00:00,13.611645698547363
2018-03-21 21:00:00,13.34333610534668
2018-03-21 22:00:00,12.950828552246094
2018-03-21 23:00:00,12.627485275268555
2018-03-22 00:00:00,12.325750350952148
2018-03-22 01:00:00,11.960304260253906
2018-03-22 02:00:00,11.646347999572754
2018-03-22 03:00:00,11.361380577087402
2018-03-22 04:00:00,11.095383644104004
2018-03-22 05:00:00,10.935335159301758
2018-03-22 06:00:00,11.010540962219238
2018-03-22 07:00:00,11.302553176879883
2018-03-22 08:00:00,11.584999084472656
2018-03-22 09:00:00,12.034873962402344
2018-03-22 10:00:00,12.552361488342285
2018-03-22 11:00:00,13.063532829284668
2018-03-22 12:00:00,13.630596160888672
2018-03-22 13:00:00,14.114049911499023
2018-03-22 14:00:00,14.414538383483887
2018-03-22 15:00:00,14.521525382995605
2018-03-22 16:00:00,14.570003509521484
2018-03-22 17:00:00,14.434677124023438
2018-03-22 18:00:00,14.199301719665527
2018-03-22 19:00:00,13.94202709197998
2018-03-22 20:00:00,13.63975715637207
2018-03-22 21:00:00,13.343162536621094
2018-03-22 22:00:00,13.023222923278809
2018-03-22 23:00:00,12.653844833374023
2018-03-23 00:00:00,12.336593627929688
2018-03-23 01:00:00,11.971900939941406
2018-03-23 02:00:00,11.635003089904785
2018-03-23 03:00:00,11.270870208740234
2018-03-23 04:00:00,11.138641357421875
2018-03-23 05:00:00,10.934965133666992
2018-03-23 06:00:00,11.0528564453125
2018-03-23 07:00:00,11.261119842529297
2018-03-23 08:00:00,11.57764720916748
2018-03-23 09:00:00,11.96403694152832
2018-03-23 10:00:00,12.459607124328613
2018-03-23 11:00:00,12.962103843688965
2018-03-23 12:00:00,13.517037391662598
2018-03-23 13:00:00,13.917308807373047
2018-03-23 14:00:00,14.207318305969238
2018-03-23 15:00:00,14.35893440246582
2018-03-23 16:00:00,14.43287181854248
2018-03-23 17:00:00,14.253193855285645
2018-03-23 18:00:00,14.06303596496582
2018-03-23 19:00:00,13.782402992248535
2018-03-23 20:00:00,13.46773624420166
2018-03-23 21:00:00,13.126664161682129
2018-03-23 22:00:00,12.800952911376953
2018-03-23 23:00:00,12.447062492370605
2018-03-24 00:00:00,12.098152160644531
2018-03-24 01:00:00,11.741419792175293
2018-03-24 02:00:00,11.401335716247559
2018-03-24 03:00:00,11.108806610107422
2018-03-24 04:00:00,10.86283016204834
2018-03-24 05:00:00,10.686797142028809
2018-03-24 06:00:00,10.7374906539917
2018-03-24 07:00:00,10.897605895996094
2018-03-24 08:00:00,11.23115062713623
2018-03-24 09:00:00,11.69970417022705
2018-03-24 10:00:00,12.13961124420166
2018-03-24 11:00:00,12.710247993469238
2018-03-24 12:00:00,13.148930549621582
2018-03-24 13:00:00,13.573628425598145
2018-03-24 14:00:00,13.809700012207031
2018-03-24 15:00:00,14.022436141967773
2018-03-24 16:00:00,14.04825496673584
2018-03-24 17:00:00,13.913520812988281
2018-03-24 18:00:00,13.723760604858398
2018-03-24 19:00:00,13.45987606048584
2018-03-24 20:00:00,19.976229180892307
2018-03-24 21:00:00,19.976229180892307
2018-03-24 22:00:00,19.976229180892307
2018-03-24 23:00:00,19.976229180892307
2018-03-25 00:00:00,19.976229180892307
2018-03-25 01:00:00,19.976229180892307
2018-03-25 02:00:00,19.976229180892307
2018-03-25 03:00:00,19.976229180892307
2018-03-25 04:00:00,19.976229180892307
2018-03-25 05:00:00,19.976229180892307
2018-03-25 06:00:00,19.976229180892307
2018-03-25 07:00:00,19.976229180892307
2018-03-25 08:00:00,19.976229180892307
2018-03-25 09:00:00,19.976229180892307
2018-03-25 10:00:00,19.976229180892307
2018-03-25 11:00:00,19.976229180892307
2018-03-25 12:00:00,19.976229180892307
2018-03-25 13:00:00,19.976229180892307
2018-03-25 14:00:00,19.976229180892307
2018-03-25 15:00:00,19.976229180892307
2018-03-25 16:00:00,19.976229180892307
2018-03-25 17:00:00,19.976229180892307
2018-03-25 18:00:00,19.976229180892307
2018-03-25 19:00:00,19.976229180892307
2018-03-25 20:00:00,19.976229180892307
2018-03-25 21:00:00,19.976229180892307
2018-03-25 22:00:00,19.976229180892307
2018-03-25 23:00:00,19.976229180892307
2018-03-26 00:00:00,19.976229180892307
2018-03-26 01:00:00,19.976229180892307
2018-03-26 02:00:00,19.976229180892307
2018-03-26 03:00:00,19.976229180892307
2018-03-26 04:00:00,19.976229180892307
2018-03-26 05:00:00,19.976229180892307
2018-03-26 06:00:00,19.976229180892307
2018-03-26 07:00:00,19.976229180892307
2018-03-26 08:00:00,19.976229180892307
2018-03-26 09:00:00,19.976229180892307
2018-03-26 10:00:00,19.976229180892307
2018-03-26 11:00:00,19.976229180892307
2018-03-26 12:00:00,19.976229180892307
2018-03-26 13:00:00,19.976229180892307
2018-03-26 14:00:00,19.976229180892307
2018-03-26 15:00:00,19.976229180892307
2018-03-26 16:00:00,19.976229180892307
2018-03-26 17:00:00,19.976229180892307
2018-03-26 18:00:00,19.976229180892307
2018-03-26 19:00:00,19.976229180892307
2018-03-26 20:00:00,19.976229180892307
2018-03-26 21:00:00,19.976229180892307
2018-03-26 22:00:00,19.976229180892307
2018-03-26 23:00:00,19.976229180892307
2018-03-27 00:00:00,19.976229180892307
2018-03-27 01:00:00,19.976229180892307
2018-03-27 02:00:00,19.976229180892307
2018-03-27 03:00:00,19.976229180892307
2018-03-27 04:00:00,19.976229180892307
2018-03-27 05:00:00,19.976229180892307
2018-03-27 06:00:00,19.976229180892307
2018-03-27 07:00:00,19.976229180892307
2018-03-27 08:00:00,19.976229180892307
2018-03-27 09:00:00,19.976229180892307
2018-03-27 10:00:00,19.976229180892307
2018-03-27 11:00:00,19.976229180892307
2018-03-27 12:00:00,19.976229180892307
2018-03-27 13:00:00,19.976229180892307
2018-03-27 14:00:00,19.976229180892307
2018-03-27 15:00:00,19.976229180892307
2018-03-27 16:00:00,19.976229180892307
2018-03-27 17:00:00,19.976229180892307
2018-03-27 18:00:00,19.976229180892307
2018-03-27 19:00:00,19.976229180892307
2018-03-27 20:00:00,19.976229180892307
2018-03-27 21:00:00,19.976229180892307
2018-03-27 22:00:00,19.976229180892307
2018-03-27 23:00:00,19.976229180892307
2018-03-28 00:00:00,19.976229180892307
2018-03-28 01:00:00,19.976229180892307
2018-03-28 02:00:00,19.976229180892307
2018-03-28 03:00:00,19.976229180892307
2018-03-28 04:00:00,19.976229180892307
2018-03-28 05:00:00,19.976229180892307
2018-03-28 06:00:00,19.976229180892307
2018-03-28 07:00:00,19.976229180892307
2018-03-28 08:00:00,19.976229180892307
2018-03-28 09:00:00,19.976229180892307
2018-03-28 10:00:00,19.976229180892307
2018-03-28 11:00:00,19.976229180892307
2018-03-28 12:00:00,19.976229180892307
2018-03-28 13:00:00,19.976229180892307
2018-03-28 14:00:00,19.976229180892307
2018-03-28 15:00:00,19.976229180892307
2018-03-28 16:00:00,19.976229180892307
2018-03-28 17:00:00,19.976229180892307
2018-03-28 18:00:00,19.976229180892307
2018-03-28 19:00:00,19.976229180892307
2018-03-28 20:00:00,33.788604736328125
2018-03-28 21:00:00,31.105188369750977
2018-03-28 22:00:00,30.658226013183594
2018-03-28 23:00:00,28.776996612548828
2018-03-29 00:00:00,27.33863067626953
2018-03-29 01:00:00,26.77360725402832
2018-03-29 02:00:00,26.836095809936523
2018-03-29 03:00:00,25.097545623779297
2018-03-29 04:00:00,24.832469940185547
2018-03-29 05:00:00,25.21519660949707
2018-03-29 06:00:00,26.102863311767578
2018-03-29 07:00:00,25.976486206054688
2018-03-29 08:00:00,26.739953994750977
2018-03-29 09:00:00,28.79823875427246
2018-03-29 10:00:00,30.15156364440918
2018-03-29 11:00:00,32.76246643066406
2018-03-29 12:00:00,33.54469299316406
2018-03-29 13:00:00,36.395084381103516
2018-03-29 14:00:00,36.12739562988281
2018-03-29 15:00:00,36.96276092529297
2018-03-29 16:00:00,36.73054504394531
2018-03-29 17:00:00,34.98722839355469
2018-03-29 18:00:00,35.47404098510742
2018-03-29 19:00:00,33.25149917602539
2018-03-29 20:00:00,32.46277618408203
2018-03-29 21:00:00,30.415943145751953
2018-03-29 22:00:00,29.427682876586914
2018-03-29 23:00:00,29.537521362304688
2018-03-30 00:00:00,26.979839324951172
2018-03-30 01:00:00,26.827045440673828
2018-03-30 02:00:00,26.190593719482422
2018-03-30 03:00:00,24.861618041992188
2018-03-30 04:00:00,24.795419692993164
2018-03-30 05:00:00,25.216777801513672
2018-03-30 06:00:00,24.56471824645996
2018-03-30 07:00:00,25.450721740722656
2018-03-30 08:00:00,26.601797103881836
2018-03-30 09:00:00,28.658390045166016
2018-03-30 10:00:00,29.582889556884766
2018-03-30 11:00:00,31.90848159790039
2018-03-30 12:00:00,33.68388748168945
2018-03-30 13:00:00,34.86612319946289
2018-03-30 14:00:00,36.417442321777344
2018-03-30 15:00:00,36.12622833251953
2018-03-30 16:00:00,36.10514831542969
2018-03-30 17:00:00,35.194759368896484
2018-03-30 18:00:00,35.365631103515625
2018-03-30 19:00:00,32.96303176879883
2018-03-30 20:00:00,31.093914031982422
2018-03-30 21:00:00,30.756282806396484
2018-03-30 22:00:00,28.949115753173828
2018-03-30 23:00:00,28.71328353881836
2018-03-31 00:00:00,27.362873077392578
2018-03-31 01:00:00,26.83009910583496
2018-03-31 02:00:00,25.92794418334961
2018-03-31 03:00:00,24.62506866455078
2018-03-31 04:00:00,24.519142150878906
2018-03-31 05:00:00,24.645437240600586
2018-03-31 06:00:00,25.33357810974121
2018-03-31 07:00:00,24.6972713470459
2018-03-31 08:00:00,26.498640060424805
2018-03-31 09:00:00,28.559967041015625
2018-03-31 10:00:00,30.026458740234375
2018-03-31 11:00:00,31.364423751831055
2018-03-31 12:00:00,32.99085998535156
2018-03-31 13:00:00,35.51509475708008
2018-03-31 14:00:00,35.91327667236328
2018-03-31 15:00:00,35.86766052246094
2018-03-31 16:00:00,34.951934814453125
2018-03-31 17:00:00,35.247596740722656
2018-03-31 18:00:00,33.466896057128906
2018-03-31 19:00:00,32.54640579223633
2018-03-31 20:00:00,31.16564178466797
2018-03-31 21:00:00,29.846914291381836
2018-03-31 22:00:00,28.903287887573242
2018-03-31 23:00:00,28.422679901123047
2018-04-01 00:00:00,26.73158073425293
2018-04-01 01:00:00,26.574018478393555
2018-04-01 02:00:00,25.323265075683594
2018-04-01 03:00:00,24.15252685546875
2018-04-01 04:00:00,24.868314743041992
2018-04-01 05:00:00,24.506223678588867
2018-04-01 06:00:00,24.592510223388672
2018-04-01 07:00:00,26.057861328125
2018-04-01 08:00:00,27.164470672607422
2018-04-01 09:00:00,27.189552307128906
2018-04-01 10:00:00,30.063947677612305
2018-04-01 11:00:00,31.72606086730957
2018-04-01 12:00:00,33.21314239501953
2018-04-01 13:00:00,35.262813568115234
2018-04-01 14:00:00,35.80895233154297
2018-04-01 15:00:00,36.19621276855469
2018-04-01 16:00:00,36.08507537841797
2018-04-01 17:00:00,34.36973190307617
2018-04-01 18:00:00,34.48854064941406
2018-04-01 19:00:00,33.091609954833984
2018-04-01 20:00:00,32.134605407714844
2018-04-01 21:00:00,31.123172760009766
2018-04-01 22:00:00,30.161104202270508
2018-04-01 23:00:00,29.21415138244629
2018-04-02 00:00:00,28.308012008666992
2018-04-02 01:00:00,27.447561264038086
2018-04-02 02:00:00,26.668880462646484
2018-04-02 03:00:00,25.974716186523438
2018-04-02 04:00:00,25.484474182128906
2018-04-02 05:00:00,25.217857360839844
2018-04-02 06:00:00,25.244579315185547
2018-04-02 07:00:00,25.606225967407227
2018-04-02 08:00:00,26.306503295898438
2018-04-02 09:00:00,27.291606903076172
2018-04-02 10:00:00,28.52738380432129
2018-04-02 11:00:00,29.7910099029541
2018-04-02 12:00:00,31.054607391357422
2018-04-02 13:00:00,32.10469436645508
2018-04-02 14:00:00,32.78045654296875
2018-04-02 15:00:00,33.260013580322266
2018-04-02 16:00:00,33.25459671020508
2018-04-02 17:00:00,32.86277389526367
2018-04-02 18:00:00,32.16193389892578
2018-04-02 19:00:00,31.293598175048828
2018-04-02 20:00:00,30.299663543701172
2018-04-02 21:00:00,29.25281524658203
2018-04-02 22:00:00,28.320035934448242
2018-04-02 23:00:00,27.398359298706055
2018-04-03 00:00:00,26.52718734741211
2018-04-03 01:00:00,25.735261917114258
2018-04-03 02:00:00,25.002239227294922
2018-04-03 03:00:00,24.363550186157227
2018-04-03 04:00:00,23.891639709472656
2018-04-03 05:00:00,23.610652923583984
2018-04-03 06:00:00,23.642578125
2018-04-03 07:00:00,23.925378799438477
2018-04-03 08:00:00,24.54330062866211
2018-04-03 09:00:00,25.439237594604492
2018-04-03 10:00:00,26.555845260620117
2018-04-03 11:00:00,27.756837844848633
2018-04-03 12:00:00,28.942594528198242
2018-04-03 13:00:00,29.93687629699707
2018-04-03 14:00:00,30.691213607788086
2018-04-03 15:00:00,31.122520446777344
2018-04-03 16:00:00,31.160898208618164
2018-04-03 17:00:00,30.81797218322754
2018-04-03 18:00:00,30.152305603027344
2018-04-03 19:00:00,29.335424423217773
2018-04-03 20:00:00,28.42253875732422
2018-04-03 21:00:00,27.47829246520996
2018-04-03 22:00:00,26.570758819580078
2018-04-03 23:00:00,25.724077224731445
2018-04-04 00:00:00,24.92208480834961
2018-04-04 01:00:00,24.168365478515625
2018-04-04 02:00:00,23.47929573059082
2018-04-04 03:00:00,22.855937957763672
2018-04-04 04:00:00,22.466678619384766
2018-04-04 05:00:00,22.210803985595703
2018-04-04 06:00:00,22.269811630249023
2018-04-04 07:00:00,22.581188201904297
2018-04-04 08:00:00,23.189424514770508
2018-04-04 09:00:00,24.098392486572266
2018-04-04 10:00:00,25.218124389648438
2018-04-04 11:00:00,26.410619735717773
2018-04-04 12:00:00,27.602663040161133
2018-04-04 13:00:00,28.63024139404297
2018-04-04 14:00:00,29.413867950439453
2018-04-04 15:00:00,29.84642791748047
2018-04-04 16:00:00,29.929224014282227
2018-04-04 17:00:00,29.61128807067871
2018-04-04 18:00:00,29.0600528717041
2018-04-04 19:00:00,28.279834747314453
2018-04-04 20:00:00,27.37529182434082
2018-04-04 21:00:00,26.44623374938965
2018-04-04 22:00:00,25.570716857910156
2018-04-04 23:00:00,24.73935890197754
2018-04-05 00:00:00,23.955522537231445
2018-04-05 01:00:00,23.23398780822754
2018-04-05 02:00:00,22.57056427001953
2018-04-05 03:00:00,22.017091751098633
2018-04-05 04:00:00,21.614652633666992
2018-04-05 05:00:00,21.40085792541504
2018-04-05 06:00:00,21.473718643188477
2018-04-05 07:00:00,21.802927017211914
2018-04-05 08:00:00,22.454425811767578
2018-04-05 09:00:00,23.399507522583008
2018-04-05 10:00:00,24.521060943603516
2018-04-05 11:00:00,25.76770782470703
2018-04-05 12:00:00,26.94101905822754
2018-04-05 13:00:00,27.998939514160156
2018-04-05 14:00:00,28.689987182617188
2018-04-05 15:00:00,29.185579299926758
2018-04-05 16:00:00,29.270160675048828
2018-04-05 17:00:00,28.94650650024414
2018-04-05 18:00:00,28.390249252319336
2018-04-05 19:00:00,27.615575790405273
2018-04-05 20:00:00,12.956839561462402
2018-04-05 21:00:00,13.585393905639648
2018-04-05 22:00:00,14.073226928710938
2018-04-05 23:00:00,14.139100074768066
2018-04-06 00:00:00,13.648322105407715
2018-04-06 01:00:00,15.075235366821289
2018-04-06 02:00:00,15.888692855834961
2018-04-06 03:00:00,15.71347713470459
2018-04-06 04:00:00,12.855193138122559
2018-04-06 05:00:00,13.608458518981934
2018-04-06 06:00:00,16.378944396972656
2018-04-06 07:00:00,14.662918090820312
2018-04-06 08:00:00,16.36652374267578
2018-04-06 09:00:00,17.34672737121582
2018-04-06 10:00:00,19.75967025756836
2018-04-06 11:00:00,22.963523864746094
2018-04-06 12:00:00,25.820451736450195
2018-04-06 13:00:00,26.675710678100586
2018-04-06 14:00:00,29.702539443969727
2018-04-06 15:00:00,25.67278480529785
2018-04-06 16:00:00,25.54485321044922
2018-04-06 17:00:00,27.903005599975586
2018-04-06 18:00:00,24.876209259033203
2018-04-06 19:00:00,26.98955535888672
2018-04-06 20:00:00,24.38129997253418
2018-04-06 21:00:00,24.082170486450195
2018-04-06 22:00:00,24.42242431640625
2018-04-06 23:00:00,21.55508804321289
2018-04-07 00:00:00,21.232248306274414
2018-04-07 01:00:00,21.663970947265625
2018-04-07 02:00:00,22.04681396484375
2018-04-07 03:00:00,21.405742645263672
2018-04-07 04:00:00,18.508907318115234
2018-04-07 05:00:00,19.21173095703125
2018-04-07 06:00:00,20.698619842529297
2018-04-07 07:00:00,21.026081085205078
2018-04-07 08:00:00,22.9372501373291
2018-04-07 09:00:00,21.163259506225586
2018-04-07 10:00:00,25.736297607421875
2018-04-07 11:00:00,27.249656677246094
2018-04-07 12:00:00,28.226722717285156
2018-04-07 13:00:00,30.527080535888672
2018-04-07 14:00:00,32.08087921142578
2018-04-07 15:00:00,30.147790908813477
2018-04-07 16:00:00,33.55864715576172
2018-04-07 17:00:00,29.514177322387695
2018-04-07 18:00:00,29.779579162597656
2018-04-07 19:00:00,31.315181732177734
2018-04-07 20:00:00,28.71735382080078
2018-04-07 21:00:00,26.516862869262695
2018-04-07 22:00:00,26.77786636352539
2018-04-07 23:00:00,28.320775985717773
2018-04-08 00:00:00,30.086301803588867
2018-04-08 01:00:00,28.945180892944336
2018-04-08 02:00:00,25.79347801208496
2018-04-08 03:00:00,24.054279327392578
2018-04-08 04:00:00,25.45005226135254
2018-04-08 05:00:00,26.110292434692383
2018-04-08 06:00:00,25.617523193359375
2018-04-08 07:00:00,26.834007263183594
2018-04-08 08:00:00,25.750410079956055
2018-04-08 09:00:00,29.461824417114258
2018-04-08 10:00:00,26.848661422729492
2018-04-08 11:00:00,29.298908233642578
2018-04-08 12:00:00,30.78639030456543
2018-04-08 13:00:00,30.35239028930664
2018-04-08 14:00:00,31.932723999023438
2018-04-08 15:00:00,31.9400634765625
2018-04-08 16:00:00,32.889747619628906
2018-04-08 17:00:00,33.01138687133789
2018-04-08 18:00:00,30.06942367553711
2018-04-08 19:00:00,28.076509475708008
2018-04-08 20:00:00,25.76434898376465
2018-04-08 21:00:00,26.302051544189453
2018-04-08 22:00:00,26.60182762145996
2018-04-08 23:00:00,25.07229995727539
2018-04-09 00:00:00,28.036142349243164
2018-04-09 01:00:00,26.997432708740234
2018-04-09 02:00:00,23.112092971801758
2018-04-09 03:00:00,22.206424713134766
2018-04-09 04:00:00,21.050840377807617
2018-04-09 05:00:00,25.06043815612793
2018-04-09 06:00:00,24.324554443359375
2018-04-09 07:00:00,23.479991912841797
2018-04-09 08:00:00,24.755311965942383
2018-04-09 09:00:00,27.1020565032959
2018-04-09 10:00:00,29.231679916381836
2018-04-09 11:00:00,28.42765998840332
2018-04-09 12:00:00,29.535104751586914
2018-04-09 13:00:00,29.262619018554688
2018-04-09 14:00:00,34.225746154785156
2018-04-09 15:00:00,33.85464859008789
2018-04-09 16:00:00,30.899232864379883
2018-04-09 17:00:00,33.43105697631836
2018-04-09 18:00:00,32.21607971191406
2018-04-09 19:00:00,32.22266387939453
2018-04-09 20:00:00,28.340211868286133
2018-04-09 21:00:00,26.54427146911621
2018-04-09 22:00:00,24.981952667236328
2018-04-09 23:00:00,23.570877075195312
2018-04-10 00:00:00,22.356704711914062
2018-04-10 01:00:00,21.2093505859375
2018-04-10 02:00:00,20.166603088378906
2018-04-10 03:00:00,19.2967472076416
2018-04-10 04:00:00,18.694072723388672
2018-04-10 05:00:00,18.515907287597656
2018-04-10 06:00:00,18.71879005432129
2018-04-10 07:00:00,19.47867202758789
2018-04-10 08:00:00,20.760478973388672
2018-04-10 09:00:00,22.354928970336914
2018-04-10 10:00:00,24.304536819458008
2018-04-10 11:00:00,26.252586364746094
2018-04-10 12:00:00,28.00959014892578
2018-04-10 13:00:00,29.431324005126953
2018-04-10 14:00:00,30.264583587646484
2018-04-10 15:00:00,30.552900314331055
2018-04-10 16:00:00,30.18135643005371
2018-04-10 17:00:00,29.232694625854492
2018-04-10 18:00:00,27.92378807067871
2018-04-10 19:00:00,26.334003448486328
2018-04-10 20:00:00,24.6976375579834
2018-04-10 21:00:00,22.98063850402832
2018-04-10 22:00:00,21.612598419189453
2018-04-10 23:00:00,20.315898895263672
2018-04-11 00:00:00,19.138988494873047
2018-04-11 01:00:00,18.194530487060547
2018-04-11 02:00:00,17.280200958251953
2018-04-11 03:00:00,16.525890350341797
2018-04-11 04:00:00,16.098779678344727
2018-04-11 05:00:00,15.982260704040527
2018-04-11 06:00:00,16.234508514404297
2018-04-11 07:00:00,16.870445251464844
2018-04-11 08:00:00,18.087020874023438
2018-04-11 09:00:00,19.611825942993164
2018-04-11 10:00:00,21.386125564575195
2018-04-11 11:00:00,23.268238067626953
2018-04-11 12:00:00,24.914901733398438
2018-04-11 13:00:00,26.24272918701172
2018-04-11 14:00:00,27.171689987182617
2018-04-11 15:00:00,27.574243545532227
2018-04-11 16:00:00,27.282012939453125
2018-04-11 17:00:00,26.485252380371094
2018-04-11 18:00:00,25.290651321411133
2018-04-11 19:00:00,23.835887908935547
2018-04-11 20:00:00,22.276094436645508
2018-04-11 21:00:00,20.704561233520508
2018-04-11 22:00:00,19.30859375
2018-04-11 23:00:00,18.136125564575195
2018-04-12 00:00:00,17.044992446899414
2018-04-12 01:00:00,16.13275718688965
2018-04-12 02:00:00,15.298385620117188
2018-04-12 03:00:00,14.67066764831543
2018-04-12 04:00:00,14.212818145751953
2018-04-12 05:00:00,14.205141067504883
2018-04-12 06:00:00,14.491065979003906
2018-04-12 07:00:00,15.2735595703125
2018-04-12 08:00:00,16.50584602355957
2018-04-12 09:00:00,18.153724670410156
2018-04-12 10:00:00,19.971027374267578
2018-04-12 11:00:00,21.846017837524414
2018-04-12 12:00:00,23.534311294555664
2018-04-12 13:00:00,24.96746826171875
2018-04-12 14:00:00,25.933746337890625
2018-04-12 15:00:00,26.325336456298828
2018-04-12 16:00:00,26.078418731689453
2018-04-12 17:00:00,25.38571548461914
2018-04-12 18:00:00,24.24445152282715
2018-04-12 19:00:00,22.8438720703125
2018-04-12 20:00:00,21.323165893554688
2018-04-12 21:00:00,19.849872589111328
2018-04-12 22:00:00,18.48954963684082
2018-04-12 23:00:00,17.31772232055664
2018-04-13 00:00:00,16.279388427734375
2018-04-13 01:00:00,15.372933387756348
2018-04-13 02:00:00,14.577373504638672
2018-04-13 03:00:00,13.946041107177734
2018-04-13 04:00:00,13.594482421875
2018-04-13 05:00:00,13.589752197265625
2018-04-13 06:00:00,13.953269958496094
2018-04-13 07:00:00,14.783292770385742
2018-04-13 08:00:00,16.015247344970703
2018-04-13 09:00:00,17.555335998535156
2018-04-13 10:00:00,19.411956787109375
2018-04-13 11:00:00,21.229633331298828
2018-04-13 12:00:00,22.995403289794922
2018-04-13 13:00:00,24.401962280273438
2018-04-13 14:00:00,25.29616928100586
2018-04-13 15:00:00,25.661849975585938
2018-04-13 16:00:00,25.427978515625
2018-04-13 17:00:00,24.67963409423828
2018-04-13 18:00:00,23.53281593322754
2018-04-13 19:00:00,22.13372802734375
2018-04-13 20:00:00,21.76165195958201
2018-04-13 21:00:00,20.987071203559847
2018-04-13 22:00:00,20.51663096300069
2018-04-13 23:00:00,20.230909922016007
2018-04-14 00:00:00,20.057377757411338
2018-04-14 01:00:00,19.951983306766046
2018-04-14 02:00:00,19.88797217515751
2018-04-14 03:00:00,19.849095128551
2018-04-14 04:00:00,19.82548322363908
2018-04-14 05:00:00,19.811142575307112
2018-04-14 06:00:00,19.802432808121942
2018-04-14 07:00:00,19.797142946557543
2018-04-14 08:00:00,19.79393015857187
2018-04-14 09:00:00,19.791978877519387
2018-04-14 10:00:00,19.790793770452638
2018-04-14 11:00:00,19.79007399778951
2018-04-14 12:00:00,19.789636845146408
2018-04-14 13:00:00,19.789371341268364
2018-04-14 14:00:00,19.78921008796161
2018-04-14 15:00:00,19.78911215105338
2018-04-14 16:00:00,19.789052669246857
2018-04-14 17:00:00,19.78901654307776
2018-04-14 18:00:00,19.788994601913398
2018-04-14 19:00:00,19.78898127598636
2018-04-14 20:00:00,19.78897318250834
2018-04-14 21:00:00,19.788968266948903
2018-04-14 22:00:00,19.788965281492647
2018-04-14 23:00:00,19.788963468281114
2018-04-15 00:00:00,19.788962367030326
2018-04-15 01:00:00,19.788961698187624
2018-04-15 02:00:00,19.7889612919672
2018-04-15 03:00:00,19.788961045249952
2018-04-15 04:00:00,19.78896089540667
2018-04-15 05:00:00,19.788960804399622
2018-04-15 06:00:00,19.78896074912665
2018-04-15 07:00:00,19.788960715556712
2018-04-15 08:00:00,19.78896069516807
2018-04-15 09:00:00,19.788960682785063
2018-04-15 10:00:00,19.788960675264267
2018-04-15 11:00:00,19.788960670696525
2018-04-15 12:00:00,19.788960667922314
2018-04-15 13:00:00,19.788960666237404
2018-04-15 14:00:00,19.788960665214077
2018-04-15 15:00:00,19.78896066459256
2018-04-15 16:00:00,19.788960664215086
2018-04-15 17:00:00,19.788960663985826
2018-04-15 18:00:00,19.788960663846584
2018-04-15 19:00:00,19.788960663762015
2018-04-15 20:00:00,19.788960663710654
2018-04-15 21:00:00,19.78896066367946
2018-04-15 22:00:00,19.788960663660514
2018-04-15 23:00:00,19.788960663649007
2018-04-16 00:00:00,19.78896066364202
2018-04-16 01:00:00,19.788960663637774
2018-04-16 02:00:00,19.788960663635194
2018-04-16 03:00:00,19.788960663633627
2018-04-16 04:00:00,19.788960663632675
2018-04-16 05:00:00,19.788960663632096
2018-04-16 06:00:00,19.788960663631745
2018-04-16 07:00:00,19.78896066363153
2018-04-16 08:00:00,19.788960663631403
2018-04-16 09:00:00,19.788960663631325
2018-04-16 10:00:00,19.78896066363128
2018-04-16 11:00:00,19.78896066363125
2018-04-16 12:00:00,19.788960663631233
2018-04-16 13:00:00,19.788960663631222
2018-04-16 14:00:00,19.788960663631215
2018-04-16 15:00:00,19.78896066363121
2018-04-16 16:00:00,19.788960663631208
2018-04-16 17:00:00,19.788960663631208
2018-04-16 18:00:00,19.788960663631208
2018-04-16 19:00:00,19.788960663631208
2018-04-16 20:00:00,19.788960663631208
2018-04-16 21:00:00,19.788960663631208
2018-04-16 22:00:00,19.788960663631208
2018-04-16 23:00:00,19.788960663631208
2018-04-17 00:00:00,19.788960663631208
2018-04-17 01:00:00,19.788960663631208
2018-04-17 02:00:00,19.788960663631208
2018-04-17 03:00:00,19.788960663631208
2018-04-17 04:00:00,19.788960663631208
2018-04-17 05:00:00,19.788960663631208
2018-04-17 06:00:00,19.788960663631208
2018-04-17 07:00:00,19.788960663631208
2018-04-17 08:00:00,19.788960663631208
2018-04-17 09:00:00,19.788960663631208
2018-04-17 10:00:00,19.788960663631208
2018-04-17 11:00:00,19.788960663631208
2018-04-17 12:00:00,19.788960663631208
2018-04-17 13:00:00,19.788960663631208
2018-04-17 14:00:00,19.788960663631208
2018-04-17 15:00:00,19.788960663631208
2018-04-17 16:00:00,19.788960663631208
2018-04-17 17:00:00,19.788960663631208
2018-04-17 18:00:00,19.788960663631208
2018-04-17 19:00:00,19.788960663631208
2018-04-17 20:00:00,28.677764892578125
2018-04-17 21:00:00,26.407997131347656
2018-04-17 22:00:00,26.701778411865234
2018-04-17 23:00:00,25.423114776611328
2018-04-18 00:00:00,22.936405181884766
2018-04-18 01:00:00,22.071908950805664
2018-04-18 02:00:00,22.65833854675293
2018-04-18 03:00:00,20.936147689819336
2018-04-18 04:00:00,21.168041229248047
2018-04-18 05:00:00,22.152130126953125
2018-04-18 06:00:00,22.128908157348633
2018-04-18 07:00:00,22.115001678466797
2018-04-18 08:00:00,22.474685668945312
2018-04-18 09:00:00,23.4033203125
2018-04-18 10:00:00,24.330402374267578
2018-04-18 11:00:00,27.334495544433594
2018-04-18 12:00:00,27.662975311279297
2018-04-18 13:00:00,30.64385986328125
2018-04-18 14:00:00,32.16682434082031
2018-04-18 15:00:00,31.649951934814453
2018-04-18 16:00:00,32.26237487792969
2018-04-18 17:00:00,30.803791046142578
2018-04-18 18:00:00,30.120845794677734
2018-04-18 19:00:00,27.921184539794922
2018-04-18 20:00:00,27.765182495117188
2018-04-18 21:00:00,25.82752227783203
2018-04-18 22:00:00,23.827112197875977
2018-04-18 23:00:00,25.659833908081055
2018-04-19 00:00:00,21.82109832763672
2018-04-19 01:00:00,22.75373649597168
2018-04-19 02:00:00,22.983613967895508
2018-04-19 03:00:00,22.283111572265625
2018-04-19 04:00:00,21.03089714050293
2018-04-19 05:00:00,22.184207916259766
2018-04-19 06:00:00,19.351062774658203
2018-04-19 07:00:00,20.587322235107422
2018-04-19 08:00:00,23.74212646484375
2018-04-19 09:00:00,24.865055084228516
2018-04-19 10:00:00,24.403963088989258
2018-04-19 11:00:00,25.980854034423828
2018-04-19 12:00:00,28.169681549072266
2018-04-19 13:00:00,30.60824966430664
2018-04-19 14:00:00,31.509735107421875
2018-04-19 15:00:00,31.39324951171875
2018-04-19 16:00:00,31.408939361572266
2018-04-19 17:00:00,30.723915100097656
2018-04-19 18:00:00,29.253822326660156
2018-04-19 19:00:00,28.847578048706055
2018-04-19 20:00:00,26.837200164794922
2018-04-19 21:00:00,26.309099197387695
2018-04-19 22:00:00,24.710296630859375
2018-04-19 23:00:00,24.648645401000977
2018-04-20 00:00:00,22.05138397216797
2018-04-20 01:00:00,22.203125
2018-04-20 02:00:00,21.195833206176758
2018-04-20 03:00:00,20.614479064941406
2018-04-20 04:00:00,19.907426834106445
2018-04-20 05:00:00,20.114336013793945
2018-04-20 06:00:00,20.388620376586914
2018-04-20 07:00:00,20.623126983642578
2018-04-20 08:00:00,22.187191009521484
2018-04-20 09:00:00,22.680255889892578
2018-04-20 10:00:00,24.926483154296875
2018-04-20 11:00:00,27.28349494934082
2018-04-20 12:00:00,27.765275955200195
2018-04-20 13:00:00,30.913341522216797
2018-04-20 14:00:00,31.410022735595703
2018-04-20 15:00:00,31.148324966430664
2018-04-20 16:00:00,29.869626998901367
2018-04-20 17:00:00,28.9423885345459
2018-04-20 18:00:00,27.825695037841797
2018-04-20 19:00:00,27.198514938354492
2018-04-20 20:00:00,24.460342407226562
2018-04-20 21:00:00,25.991897583007812
2018-04-20 22:00:00,24.91362190246582
2018-04-20 23:00:00,24.12033462524414
2018-04-21 00:00:00,22.46881866455078
2018-04-21 01:00:00,22.681270599365234
2018-04-21 02:00:00,21.31320571899414
2018-04-21 03:00:00,19.970603942871094
2018-04-21 04:00:00,19.316177368164062
2018-04-21 05:00:00,20.546632766723633
2018-04-21 06:00:00,20.25220489501953
2018-04-21 07:00:00,20.963035583496094
2018-04-21 08:00:00,22.05348014831543
2018-04-21 09:00:00,22.619972229003906
2018-04-21 10:00:00,24.98809242248535
2018-04-21 11:00:00,26.4780330657959
2018-04-21 12:00:00,29.90250015258789
2018-04-21 13:00:00,31.03155517578125
2018-04-21 14:00:00,31.237606048583984
2018-04-21 15:00:00,29.72062110900879
2018-04-21 16:00:00,29.89103126525879
2018-04-21 17:00:00,27.7679500579834
2018-04-21 18:00:00,28.476621627807617
2018-04-21 19:00:00,28.256629943847656
2018-04-21 20:00:00,32.866127014160156
2018-04-21 21:00:00,30.690650939941406
2018-04-21 22:00:00,30.347370147705078
2018-04-21 23:00:00,28.653900146484375
2018-04-22 00:00:00,27.883928298950195
2018-04-22 01:00:00,26.34793472290039
2018-04-22 02:00:00,27.29067611694336
2018-04-22 03:00:00,25.322723388671875
2018-04-22 04:00:00,25.000255584716797
2018-04-22 05:00:00,26.135845184326172
2018-04-22 06:00:00,26.682161331176758
2018-04-22 07:00:00,27.091060638427734
2018-04-22 08:00:00,27.410358428955078
2018-04-22 09:00:00,28.687042236328125
2018-04-22 10:00:00,30.53116226196289
2018-04-22 11:00:00,32.21208953857422
2018-04-22 12:00:00,33.634849548339844
2018-04-22 13:00:00,36.267189025878906
2018-04-22 14:00:00,35.67451858520508
2018-04-22 15:00:00,36.74032974243164
2018-04-22 16:00:00,35.83914566040039
2018-04-22 17:00:00,34.93183135986328
2018-04-22 18:00:00,35.071250915527344
2018-04-22 19:00:00,33.32405090332031
2018-04-22 20:00:00,32.564552307128906
2018-04-22 21:00:00,31.225866317749023
2018-04-22 22:00:00,29.487302780151367
2018-04-22 23:00:00,29.981897354125977
2018-04-23 00:00:00,28.476665496826172
2018-04-23 01:00:00,26.853618621826172
2018-04-23 02:00:00,26.662702560424805
2018-04-23 03:00:00,26.10495948791504
2018-04-23 04:00:00,24.954530715942383
2018-04-23 05:00:00,25.22260856628418
2018-04-23 06:00:00,26.182653427124023
2018-04-23 07:00:00,25.87744903564453
2018-04-23 08:00:00,28.113723754882812
2018-04-23 09:00:00,29.488788604736328
2018-04-23 10:00:00,29.896957397460938
2018-04-23 11:00:00,33.52690124511719
2018-04-23 12:00:00,34.811126708984375
2018-04-23 13:00:00,36.09157180786133
2018-04-23 14:00:00,37.01514434814453
2018-04-23 15:00:00,37.46879959106445
2018-04-23 16:00:00,36.72563552856445
2018-04-23 17:00:00,35.77920150756836
2018-04-23 18:00:00,36.11294174194336
2018-04-23 19:00:00,32.94099426269531
2018-04-23 20:00:00,32.843177795410156
2018-04-23 21:00:00,31.504302978515625
2018-04-23 22:00:00,30.56263542175293
2018-04-23 23:00:00,29.476116180419922
2018-04-24 00:00:00,28.221527099609375
2018-04-24 01:00:00,28.2902889251709
2018-04-24 02:00:00,27.15024185180664
2018-04-24 03:00:00,26.9068660736084
2018-04-24 04:00:00,26.576547622680664
2018-04-24 05:00:00,25.58910369873047
2018-04-24 06:00:00,27.3104248046875
2018-04-24 07:00:00,26.762889862060547
2018-04-24 08:00:00,28.664875030517578
2018-04-24 09:00:00,30.220882415771484
2018-04-24 10:00:00,31.236820220947266
2018-04-24 11:00:00,32.20772171020508
2018-04-24 12:00:00,34.390625
2018-04-24 13:00:00,36.2642707824707
2018-04-24 14:00:00,36.828514099121094
2018-04-24 15:00:00,37.46904754638672
2018-04-24 16:00:00,35.695621490478516
2018-04-24 17:00:00,36.77947235107422
2018-04-24 18:00:00,35.361087799072266
2018-04-24 19:00:00,32.67664337158203
2018-04-24 20:00:00,32.326480865478516
2018-04-24 21:00:00,31.383525848388672
2018-04-24 22:00:00,29.492130279541016
2018-04-24 23:00:00,29.201560974121094
2018-04-25 00:00:00,28.85482406616211
2018-04-25 01:00:00,28.548288345336914
2018-04-25 02:00:00,26.663822174072266
2018-04-25 03:00:00,25.47549819946289
2018-04-25 04:00:00,26.324129104614258
2018-04-25 05:00:00,26.298192977905273
2018-04-25 06:00:00,26.704818725585938
2018-04-25 07:00:00,28.40631675720215
2018-04-25 08:00:00,28.515003204345703
2018-04-25 09:00:00,28.17876625061035
2018-04-25 10:00:00,30.846046447753906
2018-04-25 11:00:00,32.91863250732422
2018-04-25 12:00:00,34.338294982910156
2018-04-25 13:00:00,35.423133850097656
2018-04-25 14:00:00,36.797508239746094
2018-04-25 15:00:00,37.41244888305664
2018-04-25 16:00:00,37.00261688232422
2018-04-25 17:00:00,36.24676513671875
2018-04-25 18:00:00,34.08966827392578
2018-04-25 19:00:00,33.84505081176758
2018-04-25 20:00:00,28.685619354248047
2018-04-25 21:00:00,27.92951202392578
2018-04-25 22:00:00,27.23479652404785
2018-04-25 23:00:00,26.560604095458984
2018-04-26 00:00:00,25.91929054260254
2018-04-26 01:00:00,25.30529022216797
2018-04-26 02:00:00,24.734722137451172
2018-04-26 03:00:00,24.206689834594727
2018-04-26 04:00:00,23.813230514526367
2018-04-26 05:00:00,23.60594940185547
2018-04-26 06:00:00,23.634723663330078
2018-04-26 07:00:00,23.916318893432617
2018-04-26 08:00:00,24.42721939086914
2018-04-26 09:00:00,25.13064193725586
2018-04-26 10:00:00,25.999177932739258
2018-04-26 11:00:00,26.87113380432129
2018-04-26 12:00:00,27.832368850708008
2018-04-26 13:00:00,28.59111213684082
2018-04-26 14:00:00,29.01249885559082
2018-04-26 15:00:00,29.3898983001709
2018-04-26 16:00:00,29.340625762939453
2018-04-26 17:00:00,29.050857543945312
2018-04-26 18:00:00,28.518476486206055
2018-04-26 19:00:00,27.95346450805664
2018-04-26 20:00:00,27.291120529174805
2018-04-26 21:00:00,26.669654846191406
2018-04-26 22:00:00,26.086830139160156
2018-04-26 23:00:00,25.51488494873047
2018-04-27 00:00:00,24.95981788635254
2018-04-27 01:00:00,24.416433334350586
2018-04-27 02:00:00,23.873632431030273
2018-04-27 03:00:00,23.342599868774414
2018-04-27 04:00:00,22.88481903076172
2018-04-27 05:00:00,22.541057586669922
2018-04-27 06:00:00,22.4840087890625
2018-04-27 07:00:00,22.617801666259766
2018-04-27 08:00:00,22.948558807373047
2018-04-27 09:00:00,23.475770950317383
2018-04-27 10:00:00,24.168479919433594
2018-04-27 11:00:00,24.929636001586914
2018-04-27 12:00:00,25.789731979370117
2018-04-27 13:00:00,26.52793312072754
2018-04-27 14:00:00,27.072004318237305
2018-04-27 15:00:00,27.35858154296875
2018-04-27 16:00:00,27.41661262512207
2018-04-27 17:00:00,27.159404754638672
2018-04-27 18:00:00,26.676006317138672
2018-04-27 19:00:00,26.18486976623535
2018-04-27 20:00:00,25.662683486938477
2018-04-27 21:00:00,25.13897705078125
2018-04-27 22:00:00,24.603673934936523
2018-04-27 23:00:00,24.076669692993164
2018-04-28 00:00:00,23.555158615112305
2018-04-28 01:00:00,23.022974014282227
2018-04-28 02:00:00,22.497753143310547
2018-04-28 03:00:00,21.932308197021484
2018-04-28 04:00:00,21.5810546875
2018-04-28 05:00:00,21.24346160888672
2018-04-28 06:00:00,21.231687545776367
2018-04-28 07:00:00,21.401464462280273
2018-04-28 08:00:00,21.761314392089844
2018-04-28 09:00:00,22.298072814941406
2018-04-28 10:00:00,23.0275936126709
2018-04-28 11:00:00,23.839223861694336
2018-04-28 12:00:00,24.762622833251953
2018-04-28 13:00:00,25.524627685546875
2018-04-28 14:00:00,26.120956420898438
2018-04-28 15:00:00,26.440824508666992
2018-04-28 16:00:00,26.568092346191406
2018-04-28 17:00:00,26.28355598449707
2018-04-28 18:00:00,25.952831268310547
2018-04-28 19:00:00,25.44986915588379
2018-04-28 20:00:00,24.90171241760254
2018-04-28 21:00:00,24.334030151367188
2018-04-28 22:00:00,23.807510375976562
2018-04-28 23:00:00,23.271514892578125
2018-04-29 00:00:00,22.74278450012207
2018-04-29 01:00:00,22.23065948486328
2018-04-29 02:00:00,21.717988967895508
2018-04-29 03:00:00,21.248676300048828
2018-04-29 04:00:00,20.852949142456055
2018-04-29 05:00:00,20.57610511779785
2018-04-29 06:00:00,20.550724029541016
2018-04-29 07:00:00,20.694040298461914
2018-04-29 08:00:00,21.09278106689453
2018-04-29 09:00:00,21.71573829650879
2018-04-29 10:00:00,22.40591049194336
2018-04-29 11:00:00,23.307878494262695
2018-04-29 12:00:00,24.118558883666992
2018-04-29 13:00:00,24.933971405029297
2018-04-29 14:00:00,25.390666961669922
2018-04-29 15:00:00,25.81549835205078
2018-04-29 16:00:00,25.894594192504883
2018-04-29 17:00:00,25.645517349243164
2018-04-29 18:00:00,25.295339584350586
2018-04-29 19:00:00,24.800079345703125
2018-04-29 20:00:00,34.07370613255989
2018-04-29 21:00:00,32.497436603776315
2018-04-29 22:00:00,31.16595620414232
2018-04-29 23:00:00,30.068096637183174
2018-04-30 00:00:00,29.20898072546724
2018-04-30 01:00:00,28.57013074032103
2018-04-30 02:00:00,28.050688623959452
2018-04-30 03:00:00,27.486813131868598
2018-04-30 04:00:00,26.776331686988716
2018-04-30 05:00:00,26.02045033989346
2018-04-30 06:00:00,25.54857713425742
2018-04-30 07:00:00,25.77116755087144
2018-04-30 08:00:00,26.94594906964746
2018-04-30 09:00:00,29.019491971047728
2018-04-30 10:00:00,31.648778215839393
2018-04-30 11:00:00,34.36772573324519
2018-04-30 12:00:00,36.765451885197805
2018-04-30 13:00:00,38.566053855245116
2018-04-30 14:00:00,39.60815372625949
2018-04-30 15:00:00,39.806487820697406
2018-04-30 16:00:00,39.16283660379498
2018-04-30 17:00:00,37.80932843952749
2018-04-30 18:00:00,36.010373891255696
2018-04-30 19:00:00,34.081872767654446
2018-04-30 20:00:00,32.27224951642743
2018-04-30 21:00:00,30.695979987634082
2018-04-30 22:00:00,29.364499587990803
2018-04-30 23:00:00,28.266640020970282
2018-05-01 00:00:00,27.40752410929716
2018-05-01 01:00:00,26.768674124143672
2018-05-01 02:00:00,26.2492320077595
2018-05-01 03:00:00,25.68535651566519
2018-05-01 04:00:00,24.974875070819845
2018-05-01 05:00:00,24.21899372369601
2018-05-01 06:00:00,23.747120518056047
2018-05-01 07:00:00,23.96971093464577
2018-05-01 08:00:00,25.14449245348053
2018-05-01 09:00:00,27.218035354895544
2018-05-01 10:00:00,29.847321599693064
2018-05-01 11:00:00,32.56626911709514
2018-05-01 12:00:00,34.963995269040026
2018-05-01 13:00:00,36.76459723907098
2018-05-01 14:00:00,37.80669711007151
2018-05-01 15:00:00,38.005031204496774
2018-05-01 16:00:00,37.36137998758382
2018-05-01 17:00:00,36.00787182329718
2018-05-01 18:00:00,34.208917275032746
2018-05-01 19:00:00,32.28041615142264
2018-05-01 20:00:00,30.4707929002039
2018-05-01 21:00:00,28.894523371412454
2018-05-01 22:00:00,27.563042971772575
2018-05-01 23:00:00,26.46518340480958
2018-05-02 00:00:00,25.606067493088002
2018-05-02 01:00:00,24.967217507942546
2018-05-02 02:00:00,24.447775391580553
2018-05-02 03:00:00,23.883899899490924
2018-05-02 04:00:00,23.17341845461158
2018-05-02 05:00:00,22.417537107523685
2018-05-02 06:00:00,21.945663901864336
2018-05-02 07:00:00,22.168254318467724
2018-05-02 08:00:00,23.3430358373136
2018-05-02 09:00:00,25.41657873860147
2018-05-02 10:00:00,28.04586498338621
2018-05-02 11:00:00,30.764812500937488
2018-05-02 12:00:00,33.16253865275738
2018-05-02 13:00:00,34.96314062281546
2018-05-02 14:00:00,36.00524049388354
2018-05-02 15:00:00,36.203574588296156
2018-05-02 16:00:00,35.55992337142519
2018-05-02 17:00:00,34.20641520707843
2018-05-02 18:00:00,32.40746065879624
2018-05-02 19:00:00,30.47895953519844
2018-05-02 20:00:00,28.66933628398037
2018-05-02 21:00:00,27.093066755190833
2018-05-02 22:00:00,25.76158635555434
2018-05-02 23:00:00,24.663726788604286
2018-05-03 00:00:00,23.80461087688164
2018-05-03 01:00:00,23.16576089172987
2018-05-03 02:00:00,22.646318775380593
2018-05-03 03:00:00,22.08244328328752
2018-05-03 04:00:00,21.371961838403315
2018-05-03 05:00:00,20.616080491314673
2018-05-03 06:00:00,20.1442072856765
2018-05-03 07:00:00,20.36679770228206
2018-05-03 08:00:00,21.541579221049467
2018-05-03 09:00:00,23.61512212244928
2018-05-03 10:00:00,26.244408367239874
2018-05-03 11:00:00,28.963355884635945
2018-05-03 12:00:00,31.361082036596812
2018-05-03 13:00:00,33.16168400665289
2018-05-03 14:00:00,34.203783877659845
2018-05-03 15:00:00,34.40211797210619
2018-05-03 16:00:00,33.75846675521403
2018-05-03 17:00:00,32.40495859094314
2018-05-03 18:00:00,30.60600404267215
2018-05-03 19:00:00,28.677502919073778
2018-05-03 20:00:00,32.39863967895508
2018-05-03 21:00:00,31.173818588256836
2018-05-03 22:00:00,30.05303192138672
2018-05-03 23:00:00,29.028194427490234
2018-05-04 00:00:00,28.105894088745117
2018-05-04 01:00:00,27.255586624145508
2018-05-04 02:00:00,26.532428741455078
2018-05-04 03:00:00,25.955121994018555
2018-05-04 04:00:00,25.608190536499023
2018-05-04 05:00:00,25.539865493774414
2018-05-04 06:00:00,25.840003967285156
2018-05-04 07:00:00,26.50982666015625
2018-05-04 08:00:00,27.54128074645996
2018-05-04 09:00:00,28.908506393432617
2018-05-04 10:00:00,30.449556350708008
2018-05-04 11:00:00,32.00623321533203
2018-05-04 12:00:00,33.43730545043945
2018-05-04 13:00:00,34.55796813964844
2018-05-04 14:00:00,35.21525573730469
2018-05-04 15:00:00,35.50177001953125
2018-05-04 16:00:00,35.251953125
2018-05-04 17:00:00,34.6099853515625
2018-05-04 18:00:00,33.63998794555664
2018-05-04 19:00:00,32.5450553894043
2018-05-04 20:00:00,31.399883270263672
2018-05-04 21:00:00,30.268695831298828
2018-05-04 22:00:00,29.237804412841797
2018-05-04 23:00:00,28.2887020111084
2018-05-05 00:00:00,27.431371688842773
2018-05-05 01:00:00,26.68189239501953
2018-05-05 02:00:00,26.040077209472656
2018-05-05 03:00:00,25.53327751159668
2018-05-05 04:00:00,25.21534538269043
2018-05-05 05:00:00,25.149852752685547
2018-05-05 06:00:00,25.409934997558594
2018-05-05 07:00:00,26.025005340576172
2018-05-05 08:00:00,26.948299407958984
2018-05-05 09:00:00,28.178966522216797
2018-05-05 10:00:00,29.59584617614746
2018-05-05 11:00:00,31.036808013916016
2018-05-05 12:00:00,32.37500762939453
2018-05-05 13:00:00,33.4273681640625
2018-05-05 14:00:00,34.09056091308594
2018-05-05 15:00:00,34.29399871826172
2018-05-05 16:00:00,34.09169006347656
2018-05-05 17:00:00,33.46133804321289
2018-05-05 18:00:00,32.55714797973633
2018-05-05 19:00:00,31.52253532409668
2018-05-05 20:00:00,30.430130004882812
2018-05-05 21:00:00,29.353647232055664
2018-05-05 22:00:00,28.35137939453125
2018-05-05 23:00:00,27.423940658569336
2018-05-06 00:00:00,26.585412979125977
2018-05-06 01:00:00,25.83841896057129
2018-05-06 02:00:00,25.193822860717773
2018-05-06 03:00:00,24.667072296142578
2018-05-06 04:00:00,24.377727508544922
2018-05-06 05:00:00,24.292999267578125
2018-05-06 06:00:00,24.5654296875
2018-05-06 07:00:00,25.162673950195312
2018-05-06 08:00:00,26.085365295410156
2018-05-06 09:00:00,27.296735763549805
2018-05-06 10:00:00,28.691261291503906
2018-05-06 11:00:00,30.10514259338379
2018-05-06 12:00:00,31.429243087768555
2018-05-06 13:00:00,32.46337890625
2018-05-06 14:00:00,33.138877868652344
2018-05-06 15:00:00,33.37403106689453
2018-05-06 16:00:00,33.200408935546875
2018-05-06 17:00:00,32.570579528808594
2018-05-06 18:00:00,31.71916389465332
2018-05-06 19:00:00,30.67868995666504
2018-05-06 20:00:00,29.576881408691406
2018-05-06 21:00:00,28.48676300048828
2018-05-06 22:00:00,27.471240997314453
2018-05-06 23:00:00,26.53123664855957
2018-05-07 00:00:00,25.676860809326172
2018-05-07 01:00:00,24.926851272583008
2018-05-07 02:00:00,24.2849063873291
2018-05-07 03:00:00,23.790653228759766
2018-05-07 04:00:00,23.4970703125
2018-05-07 05:00:00,23.445892333984375
2018-05-07 06:00:00,23.731605529785156
2018-05-07 07:00:00,24.342906951904297
2018-05-07 08:00:00,25.288578033447266
2018-05-07 09:00:00,26.524438858032227
2018-05-07 10:00:00,27.916234970092773
2018-05-07 11:00:00,29.37005615234375
2018-05-07 12:00:00,30.662948608398438
2018-05-07 13:00:00,31.724761962890625
2018-05-07 14:00:00,32.33287811279297
2018-05-07 15:00:00,32.608314514160156
2018-05-07 16:00:00,32.418853759765625
2018-05-07 17:00:00,31.813446044921875
2018-05-07 18:00:00,30.966232299804688
2018-05-07 19:00:00,29.94498062133789
2018-05-07 20:00:00,28.23553466796875
2018-05-07 21:00:00,27.78003692626953
2018-05-07 22:00:00,27.218238830566406
2018-05-07 23:00:00,26.583019256591797
2018-05-08 00:00:00,25.90184211730957
2018-05-08 01:00:00,25.233015060424805
2018-05-08 02:00:00,24.64108657836914
2018-05-08 03:00:00,24.143333435058594
2018-05-08 04:00:00,23.783037185668945
2018-05-08 05:00:00,23.5416259765625
2018-05-08 06:00:00,23.5240421295166
2018-05-08 07:00:00,23.659225463867188
2018-05-08 08:00:00,23.948471069335938
2018-05-08 09:00:00,24.436927795410156
2018-05-08 10:00:00,25.01537322998047
2018-05-08 11:00:00,25.675399780273438
2018-05-08 12:00:00,26.367290496826172
2018-05-08 13:00:00,26.977083206176758
2018-05-08 14:00:00,27.472763061523438
2018-05-08 15:00:00,27.89449691772461
2018-05-08 16:00:00,28.142383575439453
2018-05-08 17:00:00,28.237104415893555
2018-05-08 18:00:00,28.14289093017578
2018-05-08 19:00:00,27.920351028442383
2018-05-08 20:00:00,27.54030418395996
2018-05-08 21:00:00,27.06685447692871
2018-05-08 22:00:00,26.461933135986328
2018-05-08 23:00:00,25.81029510498047
2018-05-09 00:00:00,25.148212432861328
2018-05-09 01:00:00,24.459598541259766
2018-05-09 02:00:00,23.865665435791016
2018-05-09 03:00:00,23.36973762512207
2018-05-09 04:00:00,22.978031158447266
2018-05-09 05:00:00,22.746509552001953
2018-05-09 06:00:00,22.742778778076172
2018-05-09 07:00:00,22.947317123413086
2018-05-09 08:00:00,23.231746673583984
2018-05-09 09:00:00,23.709787368774414
2018-05-09 10:00:00,24.31643295288086
2018-05-09 11:00:00,24.97364616394043
2018-05-09 12:00:00,25.680089950561523
2018-05-09 13:00:00,26.310150146484375
2018-05-09 14:00:00,26.808391571044922
2018-05-09 15:00:00,27.161222457885742
2018-05-09 16:00:00,27.4071044921875
2018-05-09 17:00:00,27.459575653076172
2018-05-09 18:00:00,27.356767654418945
2018-05-09 19:00:00,27.13263511657715
2018-05-09 20:00:00,26.779010772705078
2018-05-09 21:00:00,26.33357048034668
2018-05-09 22:00:00,25.795303344726562
2018-05-09 23:00:00,25.161617279052734
2018-05-10 00:00:00,24.522546768188477
2018-05-10 01:00:00,23.866796493530273
2018-05-10 02:00:00,23.297468185424805
2018-05-10 03:00:00,22.783430099487305
2018-05-10 04:00:00,22.49795150756836
2018-05-10 05:00:00,22.24990463256836
2018-05-10 06:00:00,22.280902862548828
2018-05-10 07:00:00,22.431076049804688
2018-05-10 08:00:00,22.739805221557617
2018-05-10 09:00:00,23.19552230834961
2018-05-10 10:00:00,23.792421340942383
2018-05-10 11:00:00,24.4346923828125
2018-05-10 12:00:00,25.125476837158203
2018-05-10 13:00:00,25.715118408203125
2018-05-10 14:00:00,26.209646224975586
2018-05-10 15:00:00,26.58243751525879
2018-05-10 16:00:00,26.828107833862305
2018-05-10 17:00:00,26.857276916503906
2018-05-10 18:00:00,26.77831268310547
2018-05-10 19:00:00,26.547882080078125
2018-05-10 20:00:00,26.190813064575195
2018-05-10 21:00:00,25.71807861328125
2018-05-10 22:00:00,25.173458099365234
2018-05-10 23:00:00,24.542512893676758
2018-05-11 00:00:00,23.877971649169922
2018-05-11 01:00:00,23.2266902923584
2018-05-11 02:00:00,22.644132614135742
2018-05-11 03:00:00,22.16754722595215
2018-05-11 04:00:00,21.799640655517578
2018-05-11 05:00:00,21.562406539916992
2018-05-11 06:00:00,21.553478240966797
2018-05-11 07:00:00,21.690113067626953
2018-05-11 08:00:00,22.021883010864258
2018-05-11 09:00:00,22.519649505615234
2018-05-11 10:00:00,23.088300704956055
2018-05-11 11:00:00,23.774017333984375
2018-05-11 12:00:00,24.402185440063477
2018-05-11 13:00:00,25.005416870117188
2018-05-11 14:00:00,25.456939697265625
2018-05-11 15:00:00,25.86035919189453
2018-05-11 16:00:00,26.095773696899414
2018-05-11 17:00:00,26.139747619628906
2018-05-11 18:00:00,26.064552307128906
2018-05-11 19:00:00,25.840879440307617
2018-05-11 20:00:00,29.66010900337434
2018-05-11 21:00:00,28.27397218547975
2018-05-11 22:00:00,27.292318233740815
2018-05-11 23:00:00,26.486057034086592
2018-05-12 00:00:00,25.795478947807148
2018-05-12 01:00:00,25.281550372068317
2018-05-12 02:00:00,24.92783918133545
2018-05-12 03:00:00,24.559109054760633
2018-05-12 04:00:00,24.00136503578487
2018-05-12 05:00:00,23.32850113659491
2018-05-12 06:00:00,22.919727794771518
2018-05-12 07:00:00,23.22355015090328
2018-05-12 08:00:00,24.419632443225275
2018-05-12 09:00:00,26.287317463168062
2018-05-12 10:00:00,28.40081095766571
2018-05-12 11:00:00,30.456982208715246
2018-05-12 12:00:00,32.415395382060794
2018-05-12 13:00:00,34.32273189075521
2018-05-12 14:00:00,36.018308554127614
2018-05-12 15:00:00,37.05034489095213
2018-05-12 16:00:00,36.93504217980366
2018-05-12 17:00:00,35.54990339601236
2018-05-12 18:00:00,33.30192517446813
2018-05-12 19:00:00,30.901840008782948
2018-05-12 20:00:00,28.927922811764322
2018-05-12 21:00:00,27.54178599388147
2018-05-12 22:00:00,26.560132042149327
2018-05-12 23:00:00,25.753870842497243
2018-05-13 00:00:00,25.06329275621077
2018-05-13 01:00:00,24.549364180479582
2018-05-13 02:00:00,24.19565298974591
2018-05-13 03:00:00,23.826922863168754
2018-05-13 04:00:00,23.269178844191487
2018-05-13 05:00:00,22.596314945000493
2018-05-13 06:00:00,22.187541603192383
2018-05-13 07:00:00,22.491363959323582
2018-05-13 08:00:00,23.687446251580297
2018-05-13 09:00:00,25.55513127162001
2018-05-13 10:00:00,27.66862476611616
2018-05-13 11:00:00,29.72479601705461
2018-05-13 12:00:00,31.68320919040261
2018-05-13 13:00:00,33.59054569920609
2018-05-13 14:00:00,35.28612236248818
2018-05-13 15:00:00,36.31815869934929
2018-05-13 16:00:00,36.20285598821205
2018-05-13 17:00:00,34.81771720439889
2018-05-13 18:00:00,32.569738982981484
2018-05-13 19:00:00,30.169653817288726
2018-05-13 20:00:00,28.195736620154296
2018-05-13 21:00:00,26.809599802343627
2018-05-13 22:00:00,25.82794585060084
2018-05-13 23:00:00,25.021684650892766
2018-05-14 00:00:00,24.331106564621834
2018-05-14 01:00:00,23.81717798891345
2018-05-14 02:00:00,23.463466798156364
2018-05-14 03:00:00,23.094736671576868
2018-05-14 04:00:00,22.53699265259811
2018-05-14 05:00:00,21.8641287534107
2018-05-14 06:00:00,21.455355411599285
2018-05-14 07:00:00,21.759177767759017
2018-05-14 08:00:00,22.95526006002763
2018-05-14 09:00:00,24.822945080071953
2018-05-14 10:00:00,26.936438574566612
2018-05-14 11:00:00,28.992609825518
2018-05-14 12:00:00,30.951022998851766
2018-05-14 13:00:00,32.85835950765235
2018-05-14 14:00:00,34.55393617093482
2018-05-14 15:00:00,35.58597250778088
2018-05-14 16:00:00,35.470669796620435
2018-05-14 17:00:00,34.08553101289177
2018-05-14 18:00:00,31.837552791371053
2018-05-14 19:00:00,29.437467625667214
2018-05-14 20:00:00,27.463550428637266
2018-05-14 21:00:00,26.077413610745335
2018-05-14 22:00:00,25.09575965900935
2018-05-14 23:00:00,24.28949845933987
2018-05-15 00:00:00,23.598920373063375
2018-05-15 01:00:00,23.084991797329334
2018-05-15 02:00:00,22.73128060658659
2018-05-15 03:00:00,22.362550480011972
2018-05-15 04:00:00,21.80480646104138
2018-05-15 05:00:00,21.1319425618209
2018-05-15 06:00:00,20.723169220021333
2018-05-15 07:00:00,21.02699157614701
2018-05-15 08:00:00,22.223073868474966
2018-05-15 09:00:00,24.09075888852852
2018-05-15 10:00:00,26.204252382901437
2018-05-15 11:00:00,28.260423633966255
2018-05-15 12:00:00,30.218836807300917
2018-05-15 13:00:00,32.126173316103234
2018-05-15 14:00:00,33.821749979367496
2018-05-15 15:00:00,34.85378631621247
2018-05-15 16:00:00,34.7384836050214
2018-05-15 17:00:00,33.3533448212783
2018-05-15 18:00:00,31.105366599746656
2018-05-15 19:00:00,28.705281434045702
2018-05-15 20:00:00,45.46059632215778
2018-05-15 21:00:00,45.46059632215778
2018-05-15 22:00:00,45.46059632215778
2018-05-15 23:00:00,45.46059632215778
2018-05-16 00:00:00,45.46059632215778
2018-05-16 01:00:00,45.46059632215778
2018-05-16 02:00:00,45.46059632215778
2018-05-16 03:00:00,45.46059632215778
2018-05-16 04:00:00,45.46059632215778
2018-05-16 05:00:00,45.46059632215778
2018-05-16 06:00:00,45.46059632215778
2018-05-16 07:00:00,45.46059632215778
2018-05-16 08:00:00,45.46059632215778
2018-05-16 09:00:00,45.46059632215778
2018-05-16 10:00:00,45.46059632215778
2018-05-16 11:00:00,45.46059632215778
2018-05-16 12:00:00,45.46059632215778
2018-05-16 13:00:00,45.46059632215778
2018-05-16 14:00:00,45.46059632215778
2018-05-16 15:00:00,45.46059632215778
2018-05-16 16:00:00,45.46059632215778
2018-05-16 17:00:00,45.46059632215778
2018-05-16 18:00:00,45.46059632215778
2018-05-16 19:00:00,45.46059632215778
2018-05-16 20:00:00,45.46059632215778
2018-05-16 21:00:00,45.46059632215778
2018-05-16 22:00:00,45.46059632215778
2018-05-16 23:00:00,45.46059632215778
2018-05-17 00:00:00,45.46059632215778
2018-05-17 01:00:00,45.46059632215778
2018-05-17 02:00:00,45.46059632215778
2018-05-17 03:00:00,45.46059632215778
2018-05-17 04:00:00,45.46059632215778
2018-05-17 05:00:00,45.46059632215778
2018-05-17 06:00:00,45.46059632215778
2018-05-17 07:00:00,45.46059632215778
2018-05-17 08:00:00,45.46059632215778
2018-05-17 09:00:00,45.46059632215778
2018-05-17 10:00:00,45.46059632215778
2018-05-17 11:00:00,45.46059632215778
2018-05-17 12:00:00,45.46059632215778
2018-05-17 13:00:00,45.46059632215778
2018-05-17 14:00:00,45.46059632215778
2018-05-17 15:00:00,45.46059632215778
2018-05-17 16:00:00,45.46059632215778
2018-05-17 17:00:00,45.46059632215778
2018-05-17 18:00:00,45.46059632215778
2018-05-17 19:00:00,45.46059632215778
2018-05-17 20:00:00,45.46059632215778
2018-05-17 21:00:00,45.46059632215778
2018-05-17 22:00:00,45.46059632215778
2018-05-17 23:00:00,45.46059632215778
2018-05-18 00:00:00,45.46059632215778
2018-05-18 01:00:00,45.46059632215778
2018-05-18 02:00:00,45.46059632215778
2018-05-18 03:00:00,45.46059632215778
2018-05-18 04:00:00,45.46059632215778
2018-05-18 05:00:00,45.46059632215778
2018-05-18 06:00:00,45.46059632215778
2018-05-18 07:00:00,45.46059632215778
2018-05-18 08:00:00,45.46059632215778
2018-05-18 09:00:00,45.46059632215778
2018-05-18 10:00:00,45.46059632215778
2018-05-18 11:00:00,45.46059632215778
2018-05-18 12:00:00,45.46059632215778
2018-05-18 13:00:00,45.46059632215778
2018-05-18 14:00:00,45.46059632215778
2018-05-18 15:00:00,45.46059632215778
2018-05-18 16:00:00,45.46059632215778
2018-05-18 17:00:00,45.46059632215778
2018-05-18 18:00:00,45.46059632215778
2018-05-18 19:00:00,45.46059632215778
2018-05-18 20:00:00,45.46059632215778
2018-05-18 21:00:00,45.46059632215778
2018-05-18 22:00:00,45.46059632215778
2018-05-18 23:00:00,45.46059632215778
2018-05-19 00:00:00,45.46059632215778
2018-05-19 01:00:00,45.46059632215778
2018-05-19 02:00:00,45.46059632215778
2018-05-19 03:00:00,45.46059632215778
2018-05-19 04:00:00,45.46059632215778
2018-05-19 05:00:00,45.46059632215778
2018-05-19 06:00:00,45.46059632215778
2018-05-19 07:00:00,45.46059632215778
2018-05-19 08:00:00,45.46059632215778
2018-05-19 09:00:00,45.46059632215778
2018-05-19 10:00:00,45.46059632215778
2018-05-19 11:00:00,45.46059632215778
2018-05-19 12:00:00,45.46059632215778
2018-05-19 13:00:00,45.46059632215778
2018-05-19 14:00:00,45.46059632215778
2018-05-19 15:00:00,45.46059632215778
2018-05-19 16:00:00,45.46059632215778
2018-05-19 17:00:00,45.46059632215778
2018-05-19 18:00:00,45.46059632215778
2018-05-19 19:00:00,45.46059632215778
2018-05-19 20:00:00,29.96248320607951
2018-05-19 21:00:00,29.754062490144673
2018-05-19 22:00:00,29.609754382156762
2018-05-19 23:00:00,29.509837106958642
2018-05-20 00:00:00,29.44065553412662
2018-05-20 01:00:00,29.39275500831642
2018-05-20 02:00:00,29.35958923484572
2018-05-20 03:00:00,29.336625634523916
2018-05-20 04:00:00,29.320725901619888
2018-05-20 05:00:00,29.30971710931917
2018-05-20 06:00:00,29.302094748072484
2018-05-20 07:00:00,29.296817112761733
2018-05-20 08:00:00,29.293162938737193
2018-05-20 09:00:00,29.290632830646093
2018-05-20 10:00:00,29.28888101288655
2018-05-20 11:00:00,29.28766807440639
2018-05-20 12:00:00,29.286828249745046
2018-05-20 13:00:00,29.28624676480303
2018-05-20 14:00:00,29.28584415131315
2018-05-20 15:00:00,29.285565386360663
2018-05-20 16:00:00,29.28537237271187
2018-05-20 17:00:00,29.28523873228007
2018-05-20 18:00:00,29.285146201181245
2018-05-20 19:00:00,29.28508213371203
2018-05-20 20:00:00,29.285037774132782
2018-05-20 21:00:00,29.285007060070008
2018-05-20 22:00:00,29.28498579400599
2018-05-20 23:00:00,29.284971069627712
2018-05-21 00:00:00,29.284960874637445
2018-05-21 01:00:00,29.28495381574337
2018-05-21 02:00:00,29.284948928246255
2018-05-21 03:00:00,29.28494554419943
2018-05-21 04:00:00,29.284943201124307
2018-05-21 05:00:00,29.284941578806023
2018-05-21 06:00:00,29.284940455531494
2018-05-21 07:00:00,29.284939677789122
2018-05-21 08:00:00,29.284939139289243
2018-05-21 09:00:00,29.284938766438117
2018-05-21 10:00:00,29.284938508280284
2018-05-21 11:00:00,29.284938329534768
2018-05-21 12:00:00,29.284938205773425
2018-05-21 13:00:00,29.284938120082494
2018-05-21 14:00:00,29.284938060751077
2018-05-21 15:00:00,29.284938019670687
2018-05-21 16:00:00,29.284937991227096
2018-05-21 17:00:00,29.284937971533083
2018-05-21 18:00:00,29.284937957897174
2018-05-21 19:00:00,29.284937948455827
2018-05-21 20:00:00,29.28493794191875
2018-05-21 21:00:00,29.28493793739255
2018-05-21 22:00:00,29.28493793425866
2018-05-21 23:00:00,29.28493793208879
2018-05-22 00:00:00,29.2849379305864
2018-05-22 01:00:00,29.28493792954616
2018-05-22 02:00:00,29.28493792882591
2018-05-22 03:00:00,29.28493792832722
2018-05-22 04:00:00,29.284937927981932
2018-05-22 05:00:00,29.28493792774286
2018-05-22 06:00:00,29.284937927577328
2018-05-22 07:00:00,29.284937927462714
2018-05-22 08:00:00,29.284937927383357
2018-05-22 09:00:00,29.28493792732841
2018-05-22 10:00:00,29.28493792729037
2018-05-22 11:00:00,29.28493792726403
2018-05-22 12:00:00,29.28493792724579
2018-05-22 13:00:00,29.284937927233162
2018-05-22 14:00:00,29.28493792722442
2018-05-22 15:00:00,29.284937927218365
2018-05-22 16:00:00,29.284937927214173
2018-05-22 17:00:00,29.28493792721127
2018-05-22 18:00:00,29.28493792720926
2018-05-22 19:00:00,29.284937927207867
2018-05-22 20:00:00,29.284937927206904
2018-05-22 21:00:00,29.284937927206236
2018-05-22 22:00:00,29.284937927205775
2018-05-22 23:00:00,29.284937927205455
2018-05-23 00:00:00,29.284937927205235
2018-05-23 01:00:00,29.284937927205082
2018-05-23 02:00:00,29.284937927204975
2018-05-23 03:00:00,29.2849379272049
2018-05-23 04:00:00,29.28493792720485
2018-05-23 05:00:00,29.284937927204815
2018-05-23 06:00:00,29.28493792720479
2018-05-23 07:00:00,29.284937927204773
2018-05-23 08:00:00,29.284937927204762
2018-05-23 09:00:00,29.284937927204755
2018-05-23 10:00:00,29.284937927204748
2018-05-23 11:00:00,29.284937927204744
2018-05-23 12:00:00,29.28493792720474
2018-05-23 13:00:00,29.284937927204737
2018-05-23 14:00:00,29.284937927204737
2018-05-23 15:00:00,29.284937927204737
2018-05-23 16:00:00,29.284937927204737
2018-05-23 17:00:00,29.284937927204737
2018-05-23 18:00:00,29.284937927204737
2018-05-23 19:00:00,29.284937927204737
2018-05-23 20:00:00,35.11303593459102
2018-05-23 21:00:00,35.11303593459102
2018-05-23 22:00:00,35.11303593459102
2018-05-23 23:00:00,35.11303593459102
2018-05-24 00:00:00,35.11303593459102
2018-05-24 01:00:00,35.11303593459102
2018-05-24 02:00:00,35.11303593459102
2018-05-24 03:00:00,35.11303593459102
2018-05-24 04:00:00,35.11303593459102
2018-05-24 05:00:00,35.11303593459102
2018-05-24 06:00:00,35.11303593459102
2018-05-24 07:00:00,35.11303593459102
2018-05-24 08:00:00,35.11303593459102
2018-05-24 09:00:00,35.11303593459102
2018-05-24 10:00:00,35.11303593459102
2018-05-24 11:00:00,35.11303593459102
2018-05-24 12:00:00,35.11303593459102
2018-05-24 13:00:00,35.11303593459102
2018-05-24 14:00:00,35.11303593459102
2018-05-24 15:00:00,35.11303593459102
2018-05-24 16:00:00,35.11303593459102
2018-05-24 17:00:00,35.11303593459102
2018-05-24 18:00:00,35.11303593459102
2018-05-24 19:00:00,35.11303593459102
2018-05-24 20:00:00,35.11303593459102
2018-05-24 21:00:00,35.11303593459102
2018-05-24 22:00:00,35.11303593459102
2018-05-24 23:00:00,35.11303593459102
2018-05-25 00:00:00,35.11303593459102
2018-05-25 01:00:00,35.11303593459102
2018-05-25 02:00:00,35.11303593459102
2018-05-25 03:00:00,35.11303593459102
2018-05-25 04:00:00,35.11303593459102
2018-05-25 05:00:00,35.11303593459102
2018-05-25 06:00:00,35.11303593459102
2018-05-25 07:00:00,35.11303593459102
2018-05-25 08:00:00,35.11303593459102
2018-05-25 09:00:00,35.11303593459102
2018-05-25 10:00:00,35.11303593459102
2018-05-25 11:00:00,35.11303593459102
2018-05-25 12:00:00,35.11303593459102
2018-05-25 13:00:00,35.11303593459102
2018-05-25 14:00:00,35.11303593459102
2018-05-25 15:00:00,35.11303593459102
2018-05-25 16:00:00,35.11303593459102
2018-05-25 17:00:00,35.11303593459102
2018-05-25 18:00:00,35.11303593459102
2018-05-25 19:00:00,35.11303593459102
2018-05-25 20:00:00,35.11303593459102
2018-05-25 21:00:00,35.11303593459102
2018-05-25 22:00:00,35.11303593459102
2018-05-25 23:00:00,35.11303593459102
2018-05-26 00:00:00,35.11303593459102
2018-05-26 01:00:00,35.11303593459102
2018-05-26 02:00:00,35.11303593459102
2018-05-26 03:00:00,35.11303593459102
2018-05-26 04:00:00,35.11303593459102
2018-05-26 05:00:00,35.11303593459102
2018-05-26 06:00:00,35.11303593459102
2018-05-26 07:00:00,35.11303593459102
2018-05-26 08:00:00,35.11303593459102
2018-05-26 09:00:00,35.11303593459102
2018-05-26 10:00:00,35.11303593459102
2018-05-26 11:00:00,35.11303593459102
2018-05-26 12:00:00,35.11303593459102
2018-05-26 13:00:00,35.11303593459102
2018-05-26 14:00:00,35.11303593459102
2018-05-26 15:00:00,35.11303593459102
2018-05-26 16:00:00,35.11303593459102
2018-05-26 17:00:00,35.11303593459102
2018-05-26 18:00:00,35.11303593459102
2018-05-26 19:00:00,35.11303593459102
2018-05-26 20:00:00,35.11303593459102
2018-05-26 21:00:00,35.11303593459102
2018-05-26 22:00:00,35.11303593459102
2018-05-26 23:00:00,35.11303593459102
2018-05-27 00:00:00,35.11303593459102
2018-05-27 01:00:00,35.11303593459102
2018-05-27 02:00:00,35.11303593459102
2018-05-27 03:00:00,35.11303593459102
2018-05-27 04:00:00,35.11303593459102
2018-05-27 05:00:00,35.11303593459102
2018-05-27 06:00:00,35.11303593459102
2018-05-27 07:00:00,35.11303593459102
2018-05-27 08:00:00,35.11303593459102
2018-05-27 09:00:00,35.11303593459102
2018-05-27 10:00:00,35.11303593459102
2018-05-27 11:00:00,35.11303593459102
2018-05-27 12:00:00,35.11303593459102
2018-05-27 13:00:00,35.11303593459102
2018-05-27 14:00:00,35.11303593459102
2018-05-27 15:00:00,35.11303593459102
2018-05-27 16:00:00,35.11303593459102
2018-05-27 17:00:00,35.11303593459102
2018-05-27 18:00:00,35.11303593459102
2018-05-27 19:00:00,35.11303593459102
2018-05-27 20:00:00,33.39030456542969
2018-05-27 21:00:00,32.422183990478516
2018-05-27 22:00:00,31.486692428588867
2018-05-27 23:00:00,30.614938735961914
2018-05-28 00:00:00,29.861799240112305
2018-05-28 01:00:00,29.21907615661621
2018-05-28 02:00:00,28.706283569335938
2018-05-28 03:00:00,28.31009292602539
2018-05-28 04:00:00,28.03622817993164
2018-05-28 05:00:00,27.888879776000977
2018-05-28 06:00:00,27.849700927734375
2018-05-28 07:00:00,28.006826400756836
2018-05-28 08:00:00,28.40245246887207
2018-05-28 09:00:00,29.01590919494629
2018-05-28 10:00:00,29.869596481323242
2018-05-28 11:00:00,30.79241371154785
2018-05-28 12:00:00,31.664165496826172
2018-05-28 13:00:00,32.397987365722656
2018-05-28 14:00:00,32.88408279418945
2018-05-28 15:00:00,33.212337493896484
2018-05-28 16:00:00,33.301055908203125
2018-05-28 17:00:00,33.133094787597656
2018-05-28 18:00:00,32.6893424987793
2018-05-28 19:00:00,32.00580978393555
2018-05-28 20:00:00,31.099716186523438
2018-05-28 21:00:00,30.12253761291504
2018-05-28 22:00:00,29.219343185424805
2018-05-28 23:00:00,28.376737594604492
2018-05-29 00:00:00,27.632339477539062
2018-05-29 01:00:00,27.072221755981445
2018-05-29 02:00:00,26.62342071533203
2018-05-29 03:00:00,26.307453155517578
2018-05-29 04:00:00,26.14531135559082
2018-05-29 05:00:00,26.082134246826172
2018-05-29 06:00:00,26.159217834472656
2018-05-29 07:00:00,26.33873176574707
2018-05-29 08:00:00,26.756093978881836
2018-05-29 09:00:00,27.359264373779297
2018-05-29 10:00:00,28.131942749023438
2018-05-29 11:00:00,28.9992618560791
2018-05-29 12:00:00,29.78430938720703
2018-05-29 13:00:00,30.42169952392578
2018-05-29 14:00:00,30.912885665893555
2018-05-29 15:00:00,31.21849822998047
2018-05-29 16:00:00,31.281536102294922
2018-05-29 17:00:00,31.114974975585938
2018-05-29 18:00:00,30.668428421020508
2018-05-29 19:00:00,30.005083084106445
2018-05-29 20:00:00,29.175445556640625
2018-05-29 21:00:00,28.27187156677246
2018-05-29 22:00:00,27.406158447265625
2018-05-29 23:00:00,26.643667221069336
2018-05-30 00:00:00,25.99411392211914
2018-05-30 01:00:00,25.480024337768555
2018-05-30 02:00:00,25.08370018005371
2018-05-30 03:00:00,24.81125259399414
2018-05-30 04:00:00,24.69259262084961
2018-05-30 05:00:00,24.67177391052246
2018-05-30 06:00:00,24.78572654724121
2018-05-30 07:00:00,25.029888153076172
2018-05-30 08:00:00,25.4664249420166
2018-05-30 09:00:00,26.123573303222656
2018-05-30 10:00:00,26.909618377685547
2018-05-30 11:00:00,27.754369735717773
2018-05-30 12:00:00,28.546491622924805
2018-05-30 13:00:00,29.24071502685547
2018-05-30 14:00:00,29.756084442138672
2018-05-30 15:00:00,30.064563751220703
2018-05-30 16:00:00,30.149831771850586
2018-05-30 17:00:00,30.024633407592773
2018-05-30 18:00:00,29.660768508911133
2018-05-30 19:00:00,29.034381866455078
2018-05-30 20:00:00,28.227081298828125
2018-05-30 21:00:00,27.362945556640625
2018-05-30 22:00:00,26.54676628112793
2018-05-30 23:00:00,25.814605712890625
2018-05-31 00:00:00,25.19196891784668
2018-05-31 01:00:00,24.68880271911621
2018-05-31 02:00:00,24.309532165527344
2018-05-31 03:00:00,24.051847457885742
2018-05-31 04:00:00,23.92563819885254
2018-05-31 05:00:00,23.911277770996094
2018-05-31 06:00:00,24.0267333984375
2018-05-31 07:00:00,24.270475387573242
2018-05-31 08:00:00,24.722286224365234
2018-05-31 09:00:00,25.354379653930664
2018-05-31 10:00:00,26.148487091064453
2018-05-31 11:00:00,26.986818313598633
2018-05-31 12:00:00,27.815771102905273
2018-05-31 13:00:00,28.510669708251953
2018-05-31 14:00:00,28.979450225830078
2018-05-31 15:00:00,29.303205490112305
2018-05-31 16:00:00,29.400253295898438
2018-05-31 17:00:00,29.248563766479492
2018-05-31 18:00:00,28.874557495117188
2018-05-31 19:00:00,28.247936248779297
2018-05-31 20:00:00,33.98493957519531
2018-05-31 21:00:00,33.30397033691406
2018-05-31 22:00:00,32.59992980957031
2018-05-31 23:00:00,31.919313430786133
2018-06-01 00:00:00,31.313079833984375
2018-06-01 01:00:00,30.783288955688477
2018-06-01 02:00:00,30.37188720703125
2018-06-01 03:00:00,30.106857299804688
2018-06-01 04:00:00,29.99098777770996
2018-06-01 05:00:00,30.008420944213867
2018-06-01 06:00:00,30.142717361450195
2018-06-01 07:00:00,30.409616470336914
2018-06-01 08:00:00,30.793357849121094
2018-06-01 09:00:00,31.270965576171875
2018-06-01 10:00:00,31.819734573364258
2018-06-01 11:00:00,32.42792510986328
2018-06-01 12:00:00,32.99181365966797
2018-06-01 13:00:00,33.486019134521484
2018-06-01 14:00:00,33.845943450927734
2018-06-01 15:00:00,33.98991394042969
2018-06-01 16:00:00,33.9671745300293
2018-06-01 17:00:00,33.75514602661133
2018-06-01 18:00:00,33.40430450439453
2018-06-01 19:00:00,32.910369873046875
2018-06-01 20:00:00,32.33108901977539
2018-06-01 21:00:00,31.644405364990234
2018-06-01 22:00:00,30.960121154785156
2018-06-01 23:00:00,30.280385971069336
2018-06-02 00:00:00,29.653377532958984
2018-06-02 01:00:00,29.130041122436523
2018-06-02 02:00:00,28.71862030029297
2018-06-02 03:00:00,28.45545768737793
2018-06-02 04:00:00,28.365388870239258
2018-06-02 05:00:00,28.42449951171875
2018-06-02 06:00:00,28.60275650024414
2018-06-02 07:00:00,28.924388885498047
2018-06-02 08:00:00,29.358522415161133
2018-06-02 09:00:00,29.88457489013672
2018-06-02 10:00:00,30.48341941833496
2018-06-02 11:00:00,31.130252838134766
2018-06-02 12:00:00,31.719303131103516
2018-06-02 13:00:00,32.21672058105469
2018-06-02 14:00:00,32.579750061035156
2018-06-02 15:00:00,32.767330169677734
2018-06-02 16:00:00,32.747947692871094
2018-06-02 17:00:00,32.55218505859375
2018-06-02 18:00:00,32.21364212036133
2018-06-02 19:00:00,31.738506317138672
2018-06-02 20:00:00,31.15821647644043
2018-06-02 21:00:00,30.496089935302734
2018-06-02 22:00:00,29.82001304626465
2018-06-02 23:00:00,29.171703338623047
2018-06-03 00:00:00,28.575122833251953
2018-06-03 01:00:00,28.07455062866211
2018-06-03 02:00:00,27.696659088134766
2018-06-03 03:00:00,27.470983505249023
2018-06-03 04:00:00,27.396059036254883
2018-06-03 05:00:00,27.475980758666992
2018-06-03 06:00:00,27.689626693725586
2018-06-03 07:00:00,28.03666877746582
2018-06-03 08:00:00,28.502277374267578
2018-06-03 09:00:00,29.0623836517334
2018-06-03 10:00:00,29.672367095947266
2018-06-03 11:00:00,30.302780151367188
2018-06-03 12:00:00,30.87940788269043
2018-06-03 13:00:00,31.371383666992188
2018-06-03 14:00:00,31.72135353088379
2018-06-03 15:00:00,31.901350021362305
2018-06-03 16:00:00,31.861413955688477
2018-06-03 17:00:00,31.68733024597168
2018-06-03 18:00:00,31.332473754882812
2018-06-03 19:00:00,30.869321823120117
2018-06-03 20:00:00,30.301834106445312
2018-06-03 21:00:00,29.65833282470703
2018-06-03 22:00:00,28.994171142578125
2018-06-03 23:00:00,28.35233497619629
2018-06-04 00:00:00,27.768810272216797
2018-06-04 01:00:00,27.275678634643555
2018-06-04 02:00:00,26.908308029174805
2018-06-04 03:00:00,26.677953720092773
2018-06-04 04:00:00,26.604352951049805
2018-06-04 05:00:00,26.675004959106445
2018-06-04 06:00:00,26.883522033691406
2018-06-04 07:00:00,27.22517967224121
2018-06-04 08:00:00,27.683807373046875
2018-06-04 09:00:00,28.212495803833008
2018-06-04 10:00:00,28.814838409423828
2018-06-04 11:00:00,29.42814064025879
2018-06-04 12:00:00,30.020591735839844
2018-06-04 13:00:00,30.508071899414062
2018-06-04 14:00:00,30.85740852355957
2018-06-04 15:00:00,31.016441345214844
2018-06-04 16:00:00,30.990310668945312
2018-06-04 17:00:00,30.79724884033203
2018-06-04 18:00:00,30.445907592773438
2018-06-04 19:00:00,29.98919677734375
2018-06-04 20:00:00,36.46498376006101
2018-06-04 21:00:00,35.78563531998279
2018-06-04 22:00:00,35.071514771211355
2018-06-04 23:00:00,34.16983098122135
2018-06-05 00:00:00,33.214449012538
2018-06-05 01:00:00,32.43460016118911
2018-06-05 02:00:00,31.894418455320043
2018-06-05 03:00:00,31.43262647283909
2018-06-05 04:00:00,30.865459190694512
2018-06-05 05:00:00,30.251110963400706
2018-06-05 06:00:00,29.94857398679547
2018-06-05 07:00:00,30.39771679906464
2018-06-05 08:00:00,31.808286693534406
2018-06-05 09:00:00,34.02144537535272
2018-06-05 10:00:00,36.63449839811697
2018-06-05 11:00:00,39.23779842594465
2018-06-05 12:00:00,41.54057066370857
2018-06-05 13:00:00,43.31738939111581
2018-06-05 14:00:00,44.31496375311025
2018-06-05 15:00:00,44.29733561568895
2018-06-05 16:00:00,43.236251926781584
2018-06-05 17:00:00,41.456185819269095
2018-06-05 18:00:00,39.53876344858343
2018-06-05 19:00:00,38.003790301261645
2018-06-05 20:00:00,37.01044689143525
2018-06-05 21:00:00,36.33109845135656
2018-06-05 22:00:00,35.61697790257918
2018-06-05 23:00:00,34.715294112601185
2018-06-06 00:00:00,33.75991214390277
2018-06-06 01:00:00,32.98006329256509
2018-06-06 02:00:00,32.43988158669786
2018-06-06 03:00:00,31.978089604218354
2018-06-06 04:00:00,31.410922322071187
2018-06-06 05:00:00,30.7965740947763
2018-06-06 06:00:00,30.494037118185336
2018-06-06 07:00:00,30.943179930458946
2018-06-06 08:00:00,32.35374982494458
2018-06-06 09:00:00,34.566908506775704
2018-06-06 10:00:00,37.17996152954617
2018-06-06 11:00:00,39.783261557231576
2018-06-06 12:00:00,42.08603379512969
2018-06-06 13:00:00,43.86285252251921
2018-06-06 14:00:00,44.860426884474435
2018-06-06 15:00:00,44.84279874709549
2018-06-06 16:00:00,43.781715058136406
2018-06-06 17:00:00,42.001648950730115
2018-06-06 18:00:00,40.08422658003805
2018-06-06 19:00:00,38.54925343262848
2018-06-06 20:00:00,37.555910022809506
2018-06-06 21:00:00,36.876561582766406
2018-06-06 22:00:00,36.162441033995385
2018-06-06 23:00:00,35.260757243964385
2018-06-07 00:00:00,34.3053752753225
2018-06-07 01:00:00,33.52552642397503
2018-06-07 02:00:00,32.9853447180671
2018-06-07 03:00:00,32.523552735597605
2018-06-07 04:00:00,31.956385453480337
2018-06-07 05:00:00,31.342037226151877
2018-06-07 06:00:00,31.039500249566615
2018-06-07 07:00:00,31.488643061853242
2018-06-07 08:00:00,32.89921295635475
2018-06-07 09:00:00,35.11237163820319
2018-06-07 10:00:00,37.72542466097538
2018-06-07 11:00:00,40.32872468865992
2018-06-07 12:00:00,42.6314969265508
2018-06-07 13:00:00,44.40831565392713
2018-06-07 14:00:00,45.40589001587266
2018-06-07 15:00:00,45.38826187846537
2018-06-07 16:00:00,44.32717818950618
2018-06-07 17:00:00,42.54711208208018
2018-06-07 18:00:00,40.629689711394064
2018-06-07 19:00:00,39.09471656399532
2018-06-07 20:00:00,38.101373154224426
2018-06-07 21:00:00,37.42202471413568
2018-06-07 22:00:00,36.70790416536322
2018-06-07 23:00:00,35.80622037538684
2018-06-08 00:00:00,34.85083840668726
2018-06-08 01:00:00,34.070989555346515
2018-06-08 02:00:00,33.530807849469724
2018-06-08 03:00:00,33.069015867001596
2018-06-08 04:00:00,32.501848584842065
2018-06-08 05:00:00,31.8875003575574
2018-06-08 06:00:00,31.584963380950743
2018-06-08 07:00:00,32.03410619320151
2018-06-08 08:00:00,33.44467608777986
2018-06-08 09:00:00,35.657834769490265
2018-06-08 10:00:00,38.27088779225543
2018-06-08 11:00:00,40.874187820088245
2018-06-08 12:00:00,43.17696005797192
2018-06-08 13:00:00,44.95377878525554
2018-06-08 14:00:00,45.9513531472623
2018-06-08 15:00:00,45.93372500985186
2018-06-08 16:00:00,44.87264132086101
2018-06-08 17:00:00,43.092575213430244
2018-06-08 18:00:00,41.175152842750094
2018-06-08 19:00:00,39.640179695362164
2018-06-08 20:00:00,38.58959197998047
2018-06-08 21:00:00,37.423194885253906
2018-06-08 22:00:00,36.38388442993164
2018-06-08 23:00:00,35.40583038330078
2018-06-09 00:00:00,34.505069732666016
2018-06-09 01:00:00,33.63528823852539
2018-06-09 02:00:00,32.85484313964844
2018-06-09 03:00:00,32.24143981933594
2018-06-09 04:00:00,31.853191375732422
2018-06-09 05:00:00,31.770057678222656
2018-06-09 06:00:00,31.98479461669922
2018-06-09 07:00:00,32.56098556518555
2018-06-09 08:00:00,33.47602844238281
2018-06-09 09:00:00,34.639705657958984
2018-06-09 10:00:00,36.0095100402832
2018-06-09 11:00:00,37.37187194824219
2018-06-09 12:00:00,38.494140625
2018-06-09 13:00:00,39.35391616821289
2018-06-09 14:00:00,39.84352111816406
2018-06-09 15:00:00,39.86858367919922
2018-06-09 16:00:00,39.51479721069336
2018-06-09 17:00:00,38.81242370605469
2018-06-09 18:00:00,37.89813995361328
2018-06-09 19:00:00,36.79416275024414
2018-06-09 20:00:00,35.70937728881836
2018-06-09 21:00:00,34.53556442260742
2018-06-09 22:00:00,33.580196380615234
2018-06-09 23:00:00,32.64937973022461
2018-06-10 00:00:00,31.7658634185791
2018-06-10 01:00:00,31.00775146484375
2018-06-10 02:00:00,30.31493377685547
2018-06-10 03:00:00,29.78487777709961
2018-06-10 04:00:00,29.5239315032959
2018-06-10 05:00:00,29.561491012573242
2018-06-10 06:00:00,29.83563804626465
2018-06-10 07:00:00,30.435752868652344
2018-06-10 08:00:00,31.398622512817383
2018-06-10 09:00:00,32.58561325073242
2018-06-10 10:00:00,33.92658615112305
2018-06-10 11:00:00,35.297996520996094
2018-06-10 12:00:00,36.42816162109375
2018-06-10 13:00:00,37.28400421142578
2018-06-10 14:00:00,37.81657409667969
2018-06-10 15:00:00,37.96286392211914
2018-06-10 16:00:00,37.66402816772461
2018-06-10 17:00:00,37.04111862182617
2018-06-10 18:00:00,36.211036682128906
2018-06-10 19:00:00,35.1839714050293
2018-06-10 20:00:00,34.09746551513672
2018-06-10 21:00:00,33.00669479370117
2018-06-10 22:00:00,32.0367431640625
2018-06-10 23:00:00,31.19013214111328
2018-06-11 00:00:00,30.36081314086914
2018-06-11 01:00:00,29.63656234741211
2018-06-11 02:00:00,29.001670837402344
2018-06-11 03:00:00,28.566082000732422
2018-06-11 04:00:00,28.282072067260742
2018-06-11 05:00:00,28.373472213745117
2018-06-11 06:00:00,28.67852210998535
2018-06-11 07:00:00,29.342517852783203
2018-06-11 08:00:00,30.310440063476562
2018-06-11 09:00:00,31.551658630371094
2018-06-11 10:00:00,32.880794525146484
2018-06-11 11:00:00,34.204627990722656
2018-06-11 12:00:00,35.315513610839844
2018-06-11 13:00:00,36.20072555541992
2018-06-11 14:00:00,36.72745132446289
2018-06-11 15:00:00,36.85718536376953
2018-06-11 16:00:00,36.529232025146484
2018-06-11 17:00:00,35.959808349609375
2018-06-11 18:00:00,35.07932662963867
2018-06-11 19:00:00,34.07936096191406
2018-06-11 20:00:00,33.01670837402344
2018-06-11 21:00:00,31.986478805541992
2018-06-11 22:00:00,31.01667022705078
2018-06-11 23:00:00,30.14830207824707
2018-06-12 00:00:00,29.33587646484375
2018-06-12 01:00:00,28.605009078979492
2018-06-12 02:00:00,27.984376907348633
2018-06-12 03:00:00,27.519426345825195
2018-06-12 04:00:00,27.297626495361328
2018-06-12 05:00:00,27.367948532104492
2018-06-12 06:00:00,27.710861206054688
2018-06-12 07:00:00,28.410667419433594
2018-06-12 08:00:00,29.363264083862305
2018-06-12 09:00:00,30.50599479675293
2018-06-12 10:00:00,31.87259292602539
2018-06-12 11:00:00,33.14166259765625
2018-06-12 12:00:00,34.32797622680664
2018-06-12 13:00:00,35.19590759277344
2018-06-12 14:00:00,35.731136322021484
2018-06-12 15:00:00,35.816993713378906
2018-06-12 16:00:00,35.51938247680664
2018-06-12 17:00:00,34.9160041809082
2018-06-12 18:00:00,34.04728698730469
2018-06-12 19:00:00,33.06254196166992
2018-06-12 20:00:00,42.81123733520508
2018-06-12 21:00:00,42.31360626220703
2018-06-12 22:00:00,40.40550231933594
2018-06-12 23:00:00,38.68505859375
2018-06-13 00:00:00,37.29054260253906
2018-06-13 01:00:00,38.79990768432617
2018-06-13 02:00:00,37.12980270385742
2018-06-13 03:00:00,36.76662826538086
2018-06-13 04:00:00,34.96437454223633
2018-06-13 05:00:00,35.219383239746094
2018-06-13 06:00:00,35.69640350341797
2018-06-13 07:00:00,34.990264892578125
2018-06-13 08:00:00,36.12541580200195
2018-06-13 09:00:00,40.17913818359375
2018-06-13 10:00:00,40.117427825927734
2018-06-13 11:00:00,39.89838409423828
2018-06-13 12:00:00,41.67051315307617
2018-06-13 13:00:00,43.50800704956055
2018-06-13 14:00:00,43.47928237915039
2018-06-13 15:00:00,43.014305114746094
2018-06-13 16:00:00,43.15998458862305
2018-06-13 17:00:00,43.520965576171875
2018-06-13 18:00:00,41.20859909057617
2018-06-13 19:00:00,41.258384704589844
2018-06-13 20:00:00,41.8497428894043
2018-06-13 21:00:00,39.8299674987793
2018-06-13 22:00:00,39.86215591430664
2018-06-13 23:00:00,37.751651763916016
2018-06-14 00:00:00,37.17607116699219
2018-06-14 01:00:00,35.850887298583984
2018-06-14 02:00:00,36.723777770996094
2018-06-14 03:00:00,34.77279281616211
2018-06-14 04:00:00,35.54069900512695
2018-06-14 05:00:00,36.77237319946289
2018-06-14 06:00:00,35.46379852294922
2018-06-14 07:00:00,36.92428970336914
2018-06-14 08:00:00,36.848602294921875
2018-06-14 09:00:00,38.52619552612305
2018-06-14 10:00:00,40.09954071044922
2018-06-14 11:00:00,42.304141998291016
2018-06-14 12:00:00,42.35839080810547
2018-06-14 13:00:00,43.79016876220703
2018-06-14 14:00:00,44.4410514831543
2018-06-14 15:00:00,47.43570327758789
2018-06-14 16:00:00,45.950984954833984
2018-06-14 17:00:00,44.801998138427734
2018-06-14 18:00:00,45.656898498535156
2018-06-14 19:00:00,44.06946563720703
2018-06-14 20:00:00,43.17890548706055
2018-06-14 21:00:00,42.62236785888672
2018-06-14 22:00:00,42.584232330322266
2018-06-14 23:00:00,41.857391357421875
2018-06-15 00:00:00,40.06856918334961
2018-06-15 01:00:00,38.55007553100586
2018-06-15 02:00:00,38.15273666381836
2018-06-15 03:00:00,37.328800201416016
2018-06-15 04:00:00,36.96565246582031
2018-06-15 05:00:00,36.66023254394531
2018-06-15 06:00:00,36.455623626708984
2018-06-15 07:00:00,38.960792541503906
2018-06-15 08:00:00,37.53928756713867
2018-06-15 09:00:00,39.03690719604492
2018-06-15 10:00:00,41.258827209472656
2018-06-15 11:00:00,41.42481994628906
2018-06-15 12:00:00,41.27537536621094
2018-06-15 13:00:00,44.169166564941406
2018-06-15 14:00:00,43.78889083862305
2018-06-15 15:00:00,43.68745040893555
2018-06-15 16:00:00,44.940162658691406
2018-06-15 17:00:00,43.11241912841797
2018-06-15 18:00:00,43.563621520996094
2018-06-15 19:00:00,43.24847412109375
2018-06-15 20:00:00,42.08808898925781
2018-06-15 21:00:00,43.01617431640625
2018-06-15 22:00:00,40.687828063964844
2018-06-15 23:00:00,39.1081657409668
2018-06-16 00:00:00,40.537193298339844
2018-06-16 01:00:00,38.60719299316406
2018-06-16 02:00:00,37.820865631103516
2018-06-16 03:00:00,36.7197265625
2018-06-16 04:00:00,36.67952346801758
2018-06-16 05:00:00,36.06244659423828
2018-06-16 06:00:00,36.576011657714844
2018-06-16 07:00:00,38.413997650146484
2018-06-16 08:00:00,38.4290885925293
2018-06-16 09:00:00,41.05291748046875
2018-06-16 10:00:00,40.32889175415039
2018-06-16 11:00:00,42.2562370300293
2018-06-16 12:00:00,43.67073440551758
2018-06-16 13:00:00,42.25408172607422
2018-06-16 14:00:00,46.51878356933594
2018-06-16 15:00:00,44.192562103271484
2018-06-16 16:00:00,45.42906188964844
2018-06-16 17:00:00,44.232749938964844
2018-06-16 18:00:00,44.02716064453125
2018-06-16 19:00:00,44.63547134399414
2018-06-16 20:00:00,37.02338189283347
2018-06-16 21:00:00,35.31523222239013
2018-06-16 22:00:00,33.89223374661073
2018-06-16 23:00:00,32.78666091558193
2018-06-17 00:00:00,31.903111383429906
2018-06-17 01:00:00,31.079174352418427
2018-06-17 02:00:00,30.17551473307121
2018-06-17 03:00:00,29.145919483014946
2018-06-17 04:00:00,28.067866364723404
2018-06-17 05:00:00,27.139513641646033
2018-06-17 06:00:00,26.645683937630114
2018-06-17 07:00:00,26.88141066837225
2018-06-17 08:00:00,28.03236523119418
2018-06-17 09:00:00,30.053406714185254
2018-06-17 10:00:00,32.62109476333093
2018-06-17 11:00:00,35.21581449024171
2018-06-17 12:00:00,37.31122451196688
2018-06-17 13:00:00,38.569014243305226
2018-06-17 14:00:00,38.9250938576065
2018-06-17 15:00:00,38.52733181196596
2018-06-17 16:00:00,37.58891769499658
2018-06-17 17:00:00,36.2713822193882
2018-06-17 18:00:00,34.66895866893485
2018-06-17 19:00:00,32.87229865166542
2018-06-17 20:00:00,31.026807148456573
2018-06-17 21:00:00,29.3186574779254
2018-06-17 22:00:00,27.895659002151703
2018-06-17 23:00:00,26.790086171172224
2018-06-18 00:00:00,25.90653663901454
2018-06-18 01:00:00,25.082599607955892
2018-06-18 02:00:00,24.178939988661455
2018-06-18 03:00:00,23.149344738609443
2018-06-18 04:00:00,22.071291620316636
2018-06-18 05:00:00,21.142938897194764
2018-06-18 06:00:00,20.64910919318921
2018-06-18 07:00:00,20.884835923897988
2018-06-18 08:00:00,22.035790486789345
2018-06-18 09:00:00,24.056831969775534
2018-06-18 10:00:00,26.624520018778448
2018-06-18 11:00:00,29.219239745849183
2018-06-18 12:00:00,31.31464976755872
2018-06-18 13:00:00,32.57243949882636
2018-06-18 14:00:00,32.92851911318544
2018-06-18 15:00:00,32.53075706751912
2018-06-18 16:00:00,31.59234295053664
2018-06-18 17:00:00,30.27480747493516
2018-06-18 18:00:00,28.672383924477387
2018-06-18 19:00:00,26.875723907202726
2018-06-18 20:00:00,25.030232403990645
2018-06-18 21:00:00,23.32208273348043
2018-06-18 22:00:00,21.89908425769268
2018-06-18 23:00:00,20.793511426720983
2018-06-19 00:00:00,19.9099618945696
2018-06-19 01:00:00,19.086024863513124
2018-06-19 02:00:00,18.182365244198053
2018-06-19 03:00:00,17.15276999415945
2018-06-19 04:00:00,16.07471687587294
2018-06-19 05:00:00,15.146364152776941
2018-06-19 06:00:00,14.652534448747993
2018-06-19 07:00:00,14.888261179473808
2018-06-19 08:00:00,16.039215742278316
2018-06-19 09:00:00,18.060257225235027
2018-06-19 10:00:00,20.627945274393127
2018-06-19 11:00:00,23.222665001306606
2018-06-19 12:00:00,25.318075023044038
2018-06-19 13:00:00,26.57586475440068
2018-06-19 14:00:00,26.93194436873994
2018-06-19 15:00:00,26.534182323098896
2018-06-19 16:00:00,25.595768206133908
2018-06-19 17:00:00,24.2782327304821
2018-06-19 18:00:00,22.675809180096984
2018-06-19 19:00:00,20.87914916282751
2018-06-19 20:00:00,19.033657659534445
2018-06-19 21:00:00,17.325507989015698
2018-06-19 22:00:00,15.902509513294255
2018-06-19 23:00:00,14.79693668226973
2018-06-20 00:00:00,13.913387150124667
2018-06-20 01:00:00,13.089450119070348
2018-06-20 02:00:00,12.185790499752901
2018-06-20 03:00:00,11.15619524970343
2018-06-20 04:00:00,10.07814213141955
2018-06-20 05:00:00,9.14978940832566
2018-06-20 06:00:00,8.655959704306774
2018-06-20 07:00:00,8.891686435049621
2018-06-20 08:00:00,10.042640997863781
2018-06-20 09:00:00,12.063682480845063
2018-06-20 10:00:00,14.631370529989573
2018-06-20 11:00:00,17.22609025691408
2018-06-20 12:00:00,19.321500278635877
2018-06-20 13:00:00,20.57929000997499
2018-06-20 14:00:00,20.935369624300645
2018-06-20 15:00:00,20.53760757865809
2018-06-20 16:00:00,19.599193461683676
2018-06-20 17:00:00,18.28165798609208
2018-06-20 18:00:00,16.679234435639522
2018-06-20 19:00:00,14.882574418364822
2018-06-20 20:00:00,37.223793029785156
2018-06-20 21:00:00,37.23892593383789
2018-06-20 22:00:00,37.328834533691406
2018-06-20 23:00:00,36.98025131225586
2018-06-21 00:00:00,35.61766052246094
2018-06-21 01:00:00,35.762718200683594
2018-06-21 02:00:00,35.62751388549805
2018-06-21 03:00:00,35.444908142089844
2018-06-21 04:00:00,32.8907585144043
2018-06-21 05:00:00,33.860313415527344
2018-06-21 06:00:00,33.96546936035156
2018-06-21 07:00:00,32.912872314453125
2018-06-21 08:00:00,34.02141571044922
2018-06-21 09:00:00,35.3540153503418
2018-06-21 10:00:00,37.901222229003906
2018-06-21 11:00:00,37.876346588134766
2018-06-21 12:00:00,39.7873420715332
2018-06-21 13:00:00,40.608070373535156
2018-06-21 14:00:00,42.03662872314453
2018-06-21 15:00:00,39.9462890625
2018-06-21 16:00:00,40.02984619140625
2018-06-21 17:00:00,39.834468841552734
2018-06-21 18:00:00,37.82810974121094
2018-06-21 19:00:00,37.587581634521484
2018-06-21 20:00:00,36.20332336425781
2018-06-21 21:00:00,34.922733306884766
2018-06-21 22:00:00,35.601959228515625
2018-06-21 23:00:00,34.84298324584961
2018-06-22 00:00:00,34.658538818359375
2018-06-22 01:00:00,35.654029846191406
2018-06-22 02:00:00,35.44979476928711
2018-06-22 03:00:00,34.649757385253906
2018-06-22 04:00:00,33.127418518066406
2018-06-22 05:00:00,32.96324157714844
2018-06-22 06:00:00,34.202030181884766
2018-06-22 07:00:00,34.12236785888672
2018-06-22 08:00:00,35.83185577392578
2018-06-22 09:00:00,36.847415924072266
2018-06-22 10:00:00,37.98203659057617
2018-06-22 11:00:00,39.82042694091797
2018-06-22 12:00:00,40.344032287597656
2018-06-22 13:00:00,41.07285690307617
2018-06-22 14:00:00,41.64341735839844
2018-06-22 15:00:00,40.359134674072266
2018-06-22 16:00:00,41.1132698059082
2018-06-22 17:00:00,39.05580520629883
2018-06-22 18:00:00,39.66986846923828
2018-06-22 19:00:00,38.250003814697266
2018-06-22 20:00:00,36.85047912597656
2018-06-22 21:00:00,37.77408981323242
2018-06-22 22:00:00,36.50626754760742
2018-06-22 23:00:00,35.78655242919922
2018-06-23 00:00:00,37.42826461791992
2018-06-23 01:00:00,36.46963119506836
2018-06-23 02:00:00,35.25988006591797
2018-06-23 03:00:00,36.49335861206055
2018-06-23 04:00:00,35.749473571777344
2018-06-23 05:00:00,34.53512191772461
2018-06-23 06:00:00,35.08906555175781
2018-06-23 07:00:00,35.947635650634766
2018-06-23 08:00:00,34.81732177734375
2018-06-23 09:00:00,37.19381332397461
2018-06-23 10:00:00,37.28031921386719
2018-06-23 11:00:00,39.187255859375
2018-06-23 12:00:00,40.06805419921875
2018-06-23 13:00:00,40.77112579345703
2018-06-23 14:00:00,41.14194107055664
2018-06-23 15:00:00,40.55970764160156
2018-06-23 16:00:00,40.294273376464844
2018-06-23 17:00:00,38.68482208251953
2018-06-23 18:00:00,37.9566650390625
2018-06-23 19:00:00,36.5155143737793
2018-06-23 20:00:00,35.990360260009766
2018-06-23 21:00:00,35.22385025024414
2018-06-23 22:00:00,35.28620147705078
2018-06-23 23:00:00,35.25300979614258
2018-06-24 00:00:00,35.562355041503906
2018-06-24 01:00:00,35.95376205444336
2018-06-24 02:00:00,34.196502685546875
2018-06-24 03:00:00,33.156898498535156
2018-06-24 04:00:00,33.91279983520508
2018-06-24 05:00:00,33.82057571411133
2018-06-24 06:00:00,34.066776275634766
2018-06-24 07:00:00,34.226844787597656
2018-06-24 08:00:00,33.749027252197266
2018-06-24 09:00:00,36.68893814086914
2018-06-24 10:00:00,38.19939041137695
2018-06-24 11:00:00,39.18570327758789
2018-06-24 12:00:00,41.04722595214844
2018-06-24 13:00:00,40.90625762939453
2018-06-24 14:00:00,41.26084518432617
2018-06-24 15:00:00,40.603153228759766
2018-06-24 16:00:00,39.812286376953125
2018-06-24 17:00:00,40.14008331298828
2018-06-24 18:00:00,38.189910888671875
2018-06-24 19:00:00,38.72474670410156
2018-06-24 20:00:00,36.12220001220703
2018-06-24 21:00:00,34.402469635009766
2018-06-24 22:00:00,33.009334564208984
2018-06-24 23:00:00,34.0896110534668
2018-06-25 00:00:00,33.19660949707031
2018-06-25 01:00:00,32.71538543701172
2018-06-25 02:00:00,31.23402214050293
2018-06-25 03:00:00,31.379243850708008
2018-06-25 04:00:00,31.70600700378418
2018-06-25 05:00:00,30.804779052734375
2018-06-25 06:00:00,30.840923309326172
2018-06-25 07:00:00,30.820911407470703
2018-06-25 08:00:00,31.28325843811035
2018-06-25 09:00:00,32.15376663208008
2018-06-25 10:00:00,32.5185661315918
2018-06-25 11:00:00,34.8829231262207
2018-06-25 12:00:00,35.34359359741211
2018-06-25 13:00:00,36.35029983520508
2018-06-25 14:00:00,36.39893341064453
2018-06-25 15:00:00,36.04187774658203
2018-06-25 16:00:00,36.874881744384766
2018-06-25 17:00:00,36.29627990722656
2018-06-25 18:00:00,35.72468566894531
2018-06-25 19:00:00,35.58065414428711
2018-06-25 20:00:00,34.948490142822266
2018-06-25 21:00:00,34.76814270019531
2018-06-25 22:00:00,35.03336715698242
2018-06-25 23:00:00,33.20125198364258
2018-06-26 00:00:00,33.233577728271484
2018-06-26 01:00:00,32.444087982177734
2018-06-26 02:00:00,31.85404396057129
2018-06-26 03:00:00,31.408937454223633
2018-06-26 04:00:00,31.393651962280273
2018-06-26 05:00:00,30.664457321166992
2018-06-26 06:00:00,30.95216941833496
2018-06-26 07:00:00,31.53274917602539
2018-06-26 08:00:00,32.731163024902344
2018-06-26 09:00:00,34.69976043701172
2018-06-26 10:00:00,35.25894546508789
2018-06-26 11:00:00,35.831138610839844
2018-06-26 12:00:00,37.429378509521484
2018-06-26 13:00:00,36.60888671875
2018-06-26 14:00:00,38.008811950683594
2018-06-26 15:00:00,37.234317779541016
2018-06-26 16:00:00,37.62969207763672
2018-06-26 17:00:00,38.655452728271484
2018-06-26 18:00:00,36.209232330322266
2018-06-26 19:00:00,37.3464469909668
